--fall22_s004_9_employee table
INSERT INTO fall22_s004_9_employee VALUES ('E001','100303001','John A Smith','FrontDesk');
INSERT INTO fall22_s004_9_employee VALUES ('E002','100303002','Barbara Griffith','Delivery Pilot');
INSERT INTO fall22_s004_9_employee VALUES ('E003','100303003','TIM ADOLF','FrontDesk');
INSERT INTO fall22_s004_9_employee VALUES ('E004','100303004','KIM JARVIS','Manager');
INSERT INTO fall22_s004_9_employee VALUES ('E005','100303005','SAM MILES','FrontDesk');
INSERT INTO fall22_s004_9_employee VALUES ('E006','100303006','KEVIN HILL','Delivery Pilot');
INSERT INTO fall22_s004_9_employee VALUES ('E007','100303007','CONNIE SMITH','FrontDesk');
INSERT INTO fall22_s004_9_employee VALUES ('E008','100303008','ALFRED KINSLEY','Delivery Pilot');
INSERT INTO fall22_s004_9_employee VALUES ('E009','100303009','PAUL TIMOTHY','FrontDesk');
INSERT INTO fall22_s004_9_employee VALUES ('E010','100303010','JOHN ASGHAR','Delivery Pilot');
INSERT INTO fall22_s004_9_employee VALUES ('E011','100303011','ROSE SUMMERS','FrontDesk');
INSERT INTO fall22_s004_9_employee VALUES ('E012','100303012','ANDREW FAULKNER','Delivery Pilot');
INSERT INTO fall22_s004_9_employee VALUES ('E013','100303013','KAREN MATTHEWS','FrontDesk');
INSERT INTO fall22_s004_9_employee VALUES ('E014','100303014','WENDY SHAWN','Delivery Pilot');
INSERT INTO fall22_s004_9_employee VALUES ('E015','100303015','BELLA SWAN','FrontDesk');
INSERT INTO fall22_s004_9_employee VALUES ('E016','100303016','MADII HIMBURY','Delivery Pilot');
INSERT INTO fall22_s004_9_employee VALUES ('E017','100303017','ATHENA WILSON','FrontDesk');
INSERT INTO fall22_s004_9_employee VALUES ('E018','100303018','JENNIFER HUETTE','Manager');
INSERT INTO fall22_s004_9_employee VALUES ('E019','100303019','Ellis Booth','FrontDesk');
INSERT INTO fall22_s004_9_employee VALUES ('E020','100303020','Braedon Shelton','Delivery Pilot');
INSERT INTO fall22_s004_9_employee VALUES ('E021','100303021','Tabitha Erickson','FrontDesk');
INSERT INTO fall22_s004_9_employee VALUES ('E022','100303022','Steve Mcmillan','FrontDesk');
INSERT INTO fall22_s004_9_employee VALUES ('E023','100303023','Cierra King','Delivery Pilot');
INSERT INTO fall22_s004_9_employee VALUES ('E024','100303024','Rylee Kaufman','FrontDesk');
INSERT INTO fall22_s004_9_employee VALUES ('E025','100303025','Tania Dyer','Delivery Pilot');
INSERT INTO fall22_s004_9_employee VALUES ('E026','100303026','Aidan Ayers','FrontDesk');
INSERT INTO fall22_s004_9_employee VALUES ('E027','100303027','Anirudh Katkuri','Delivery Pilot');
INSERT INTO fall22_s004_9_employee VALUES ('E028','100303028','Billy Merritt','FrontDesk');
INSERT INTO fall22_s004_9_employee VALUES ('E029','100303029','Miles Castillo','FrontDesk');
INSERT INTO fall22_s004_9_employee VALUES ('E030','100303030','Yuliana Davidson','Delivery Pilot');
INSERT INTO fall22_s004_9_employee VALUES ('E031','100303031','Jermaine Lane','FrontDesk');
INSERT INTO fall22_s004_9_employee VALUES ('E032','100303032','Jacob Juarez','Delivery Pilot');
INSERT INTO fall22_s004_9_employee VALUES ('E033','100303033','Derrick Valentine','FrontDesk');
INSERT INTO fall22_s004_9_employee VALUES ('E034','100303034','Mary Jackson','FrontDesk');
INSERT INTO fall22_s004_9_employee VALUES ('E035','100303035','Paula Brown DDS','Delivery Pilot');
INSERT INTO fall22_s004_9_employee VALUES ('E036','100303036','Jonathan Glover','FrontDesk');
INSERT INTO fall22_s004_9_employee VALUES ('E037','100303037','Alan Melendez','Delivery Pilot');
INSERT INTO fall22_s004_9_employee VALUES ('E038','100303038','Gabriel Cooper','FrontDesk');
INSERT INTO fall22_s004_9_employee VALUES ('E039','100303039','Izabella Shelby','Delivery Pilot');
INSERT INTO fall22_s004_9_employee VALUES ('E040','100303040','May Carleton','FrontDesk');
INSERT INTO fall22_s004_9_employee VALUES ('E041','100303041','Polly Gray','Manager');
INSERT INTO fall22_s004_9_employee VALUES ('E042','100303042','Ada Shelby','FrontDesk');
INSERT INTO fall22_s004_9_employee VALUES ('E043','100303043','Charlie Shelby','Delivery Pilot');
INSERT INTO fall22_s004_9_employee VALUES ('E044','100303044','Freddie Shelby','FrontDesk');
INSERT INTO fall22_s004_9_employee VALUES ('E045','100303045','Alfie Shelby','Delivery Pilot');
INSERT INTO fall22_s004_9_employee VALUES ('E046','100303046','Arthur Shelby','FrontDesk');
INSERT INTO fall22_s004_9_employee VALUES ('E047','100303047','Finn Shelby','Delivery Pilot');
INSERT INTO fall22_s004_9_employee VALUES ('E048','100303048','Michael Gray','FrontDesk');
INSERT INTO fall22_s004_9_employee VALUES ('E049','100303049','John Shelby','Delivery Pilot');
INSERT INTO fall22_s004_9_employee VALUES ('E050','100303050','Tommy Shelby','Manager');


--fall22_s004_9_customer table
INSERT INTO fall22_s004_9_customer VALUES ('C1001','A. BAUM');
INSERT INTO fall22_s004_9_customer VALUES ('C1002','CHARLES BARON');
INSERT INTO fall22_s004_9_customer VALUES ('C1003','S. TURNER');
INSERT INTO fall22_s004_9_customer VALUES ('C1004','D.W. KADARAUCH');
INSERT INTO fall22_s004_9_customer VALUES ('C1005','A. SILVERIA');
INSERT INTO fall22_s004_9_customer VALUES ('C1006','M.R. HEFFERNAN');
INSERT INTO fall22_s004_9_customer VALUES ('C1007','J.A. WHITTEN');
INSERT INTO fall22_s004_9_customer VALUES ('C1008','Y. CHAVANON');
INSERT INTO fall22_s004_9_customer VALUES ('C1009','GUNTHER SPIELMANN MECHITARISTENGASSE');
INSERT INTO fall22_s004_9_customer VALUES ('C1010','I. CLEMENS RUE DEGMONT');
INSERT INTO fall22_s004_9_customer VALUES ('C1011','M.C. BORGSTEEDE BIRMOERSTRAAT');
INSERT INTO fall22_s004_9_customer VALUES ('C1012','A.D.M. BRYCESON');
INSERT INTO fall22_s004_9_customer VALUES ('C1013','W.E. MACDONALD');
INSERT INTO fall22_s004_9_customer VALUES ('C1014','JORGE RUNNAZZO SALGUERO');
INSERT INTO fall22_s004_9_customer VALUES ('C1015','ELISABETE REGIS GUILLAUMON');
INSERT INTO fall22_s004_9_customer VALUES ('C1016','R.G. HUGHES');
INSERT INTO fall22_s004_9_customer VALUES ('C1017','LING TAO SOON');
INSERT INTO fall22_s004_9_customer VALUES ('C1018','J.Q. RIFAII');
INSERT INTO fall22_s004_9_customer VALUES ('C1019','Axar Patel');
INSERT INTO fall22_s004_9_customer VALUES ('C1020','Dhawal Kulkarni');
INSERT INTO fall22_s004_9_customer VALUES ('C1021','Karn Sharma');
INSERT INTO fall22_s004_9_customer VALUES ('C1022','Kedar Jadhav');
INSERT INTO fall22_s004_9_customer VALUES ('C1023','Manish Pandey');
INSERT INTO fall22_s004_9_customer VALUES ('C1024','Barinder Sran');
INSERT INTO fall22_s004_9_customer VALUES ('C1025','Rishi Dhawan');
INSERT INTO fall22_s004_9_customer VALUES ('C1026','Gurkeerat Singh');
INSERT INTO fall22_s004_9_customer VALUES ('C1027','Jasprit Bumrah');
INSERT INTO fall22_s004_9_customer VALUES ('C1028','Yuzvendra Chahal');
INSERT INTO fall22_s004_9_customer VALUES ('C1029','Karun Nair');
INSERT INTO fall22_s004_9_customer VALUES ('C1030','KL Rahul');
INSERT INTO fall22_s004_9_customer VALUES ('C1031','Faiz Fazal');
INSERT INTO fall22_s004_9_customer VALUES ('C1032','Hardik Pandya');
INSERT INTO fall22_s004_9_customer VALUES ('C1033','Jayant Yadav');
INSERT INTO fall22_s004_9_customer VALUES ('C1034','Kuldeep Yadav');
INSERT INTO fall22_s004_9_customer VALUES ('C1035','Shardul Thakur');
INSERT INTO fall22_s004_9_customer VALUES ('C1036','Shreyas Iyer');
INSERT INTO fall22_s004_9_customer VALUES ('C1037','Washington Sundar');
INSERT INTO fall22_s004_9_customer VALUES ('C1038','Siddarth Kaul');
INSERT INTO fall22_s004_9_customer VALUES ('C1039','Khaleel Ahmed');
INSERT INTO fall22_s004_9_customer VALUES ('C1040','Deepak Chahar');
INSERT INTO fall22_s004_9_customer VALUES ('C1041','Rishabh Pant');
INSERT INTO fall22_s004_9_customer VALUES ('C1042','Mohammed Siraj');
INSERT INTO fall22_s004_9_customer VALUES ('C1043','Vijay Shankar');
INSERT INTO fall22_s004_9_customer VALUES ('C1044','Shubman Gill');
INSERT INTO fall22_s004_9_customer VALUES ('C1045','Shivam Dube');
INSERT INTO fall22_s004_9_customer VALUES ('C1046','Navdeep Saini');
INSERT INTO fall22_s004_9_customer VALUES ('C1047','Mayank Agarwal');
INSERT INTO fall22_s004_9_customer VALUES ('C1048','Prithvi Shaw');
INSERT INTO fall22_s004_9_customer VALUES ('C1049','T. Natarajan');
INSERT INTO fall22_s004_9_customer VALUES ('C1050','Krunal Pandya');

--fall22_s004_9_Customer_email table
INSERT INTO fall22_s004_9_customer_email VALUES ('C1050','KrunalPandya@gmail.com');
INSERT INTO fall22_s004_9_customer_email VALUES ('C1050','KrunalPandya123@gmail.com');
INSERT INTO fall22_s004_9_customer_email VALUES ('C1049','TNatarajan@gmail.com');
INSERT INTO fall22_s004_9_customer_email VALUES ('C1049','TNatarajan123@gmail.com');
INSERT INTO fall22_s004_9_customer_email VALUES ('C1048','PrithviShaw@gmail.com');
INSERT INTO fall22_s004_9_customer_email VALUES ('C1048','PrithviShaw123@gmail.com');
INSERT INTO fall22_s004_9_customer_email VALUES ('C1047','MayankAgarwal@gmail.com');
INSERT INTO fall22_s004_9_customer_email VALUES ('C1047','MayankAgarwal123@gmail.com');
INSERT INTO fall22_s004_9_customer_email VALUES ('C1046','NavdeepSaini@gmail.com');
INSERT INTO fall22_s004_9_customer_email VALUES ('C1046','NavdeepSaini123@gmail.com');
INSERT INTO fall22_s004_9_customer_email VALUES ('C1045','ShivamDube@gmail.com');
INSERT INTO fall22_s004_9_customer_email VALUES ('C1045','ShivamDube123@gmail.com');
INSERT INTO fall22_s004_9_customer_email VALUES ('C1044','ShubmanGill@gmail.com');
INSERT INTO fall22_s004_9_customer_email VALUES ('C1044','ShubmanGill123@gmail.com');
INSERT INTO fall22_s004_9_customer_email VALUES ('C1043','VijayShankar@gmail.com');
INSERT INTO fall22_s004_9_customer_email VALUES ('C1043','VijayShankar123@gmail.com');
INSERT INTO fall22_s004_9_customer_email VALUES ('C1042','MohammedSiraj@gmail.com');
INSERT INTO fall22_s004_9_customer_email VALUES ('C1042','MohammedSiraj123@gmail.com');
INSERT INTO fall22_s004_9_customer_email VALUES ('C1041','RishabhPant@gmail.com');
INSERT INTO fall22_s004_9_customer_email VALUES ('C1041','RishabhPant123@gmail.com');
INSERT INTO fall22_s004_9_customer_email VALUES ('C1040','DeepakChahar@gmail.com');
INSERT INTO fall22_s004_9_customer_email VALUES ('C1040','DeepakChahar123@gmail.com');
INSERT INTO fall22_s004_9_customer_email VALUES ('C1039','KhaleelAhmed@gmail.com');
INSERT INTO fall22_s004_9_customer_email VALUES ('C1039','KhaleelAhmed123@gmail.com');
INSERT INTO fall22_s004_9_customer_email VALUES ('C1038','SiddarthKaul@gmail.com');
INSERT INTO fall22_s004_9_customer_email VALUES ('C1038','SiddarthKaul123@gmail.com');
INSERT INTO fall22_s004_9_customer_email VALUES ('C1037','WashingtonSundar@gmail.com');
INSERT INTO fall22_s004_9_customer_email VALUES ('C1037','WashingtonSundar123@gmail.com');
INSERT INTO fall22_s004_9_customer_email VALUES ('C1036','ShreyasIyer@gmail.com');
INSERT INTO fall22_s004_9_customer_email VALUES ('C1036','ShreyasIyer123@gmail.com');
INSERT INTO fall22_s004_9_customer_email VALUES ('C1035','ShardulThakur@gmail.com');
INSERT INTO fall22_s004_9_customer_email VALUES ('C1035','ShardulThakur123@gmail.com');
INSERT INTO fall22_s004_9_customer_email VALUES ('C1034','KuldeepYadav@gmail.com');
INSERT INTO fall22_s004_9_customer_email VALUES ('C1034','KuldeepYadav123@gmail.com');
INSERT INTO fall22_s004_9_customer_email VALUES ('C1033','JayantYadav@gmail.com');
INSERT INTO fall22_s004_9_customer_email VALUES ('C1033','JayantYadav123@gmail.com');
INSERT INTO fall22_s004_9_customer_email VALUES ('C1032','HardikPandya@gmail.com');
INSERT INTO fall22_s004_9_customer_email VALUES ('C1032','HardikPandya123@gmail.com');
INSERT INTO fall22_s004_9_customer_email VALUES ('C1031','FaizFazal@gmail.com');
INSERT INTO fall22_s004_9_customer_email VALUES ('C1031','FaizFazal123@gmail.com');
INSERT INTO fall22_s004_9_customer_email VALUES ('C1030','KLRahul@gmail.com');
INSERT INTO fall22_s004_9_customer_email VALUES ('C1030','KLRahul123@gmail.com');
INSERT INTO fall22_s004_9_customer_email VALUES ('C1029','KarunNair@gmail.com');
INSERT INTO fall22_s004_9_customer_email VALUES ('C1029','KarunNair123@gmail.com');
INSERT INTO fall22_s004_9_customer_email VALUES ('C1028','YuzvendraChahal@gmail.com');
INSERT INTO fall22_s004_9_customer_email VALUES ('C1028','YuzvendraChahal123@gmail.com');
INSERT INTO fall22_s004_9_customer_email VALUES ('C1027','JaspritBumrah@gmail.com');
INSERT INTO fall22_s004_9_customer_email VALUES ('C1027','JaspritBumrah123@gmail.com');
INSERT INTO fall22_s004_9_customer_email VALUES ('C1026','GurkeeratSingh@gmail.com');
INSERT INTO fall22_s004_9_customer_email VALUES ('C1026','GurkeeratSingh123@gmail.com');
INSERT INTO fall22_s004_9_customer_email VALUES ('C1025','RishiDhawan@gmail.com');
INSERT INTO fall22_s004_9_customer_email VALUES ('C1025','RishiDhawan123@gmail.com');
INSERT INTO fall22_s004_9_customer_email VALUES ('C1024','BarinderSran@gmail.com');
INSERT INTO fall22_s004_9_customer_email VALUES ('C1024','BarinderSran123@gmail.com');
INSERT INTO fall22_s004_9_customer_email VALUES ('C1023','ManishPandey@gmail.com');
INSERT INTO fall22_s004_9_customer_email VALUES ('C1023','ManishPandey123@gmail.com');
INSERT INTO fall22_s004_9_customer_email VALUES ('C1022','KedarJadhav@gmail.com');
INSERT INTO fall22_s004_9_customer_email VALUES ('C1022','KedarJadhav123@gmail.com');
INSERT INTO fall22_s004_9_customer_email VALUES ('C1021','KarnSharma@gmail.com');
INSERT INTO fall22_s004_9_customer_email VALUES ('C1021','KarnSharma123@gmail.com');
INSERT INTO fall22_s004_9_customer_email VALUES ('C1020','DhawalKulkarni@gmail.coM');
INSERT INTO fall22_s004_9_customer_email VALUES ('C1020','DhawalKulkarni123@gmail.com');
INSERT INTO fall22_s004_9_customer_email VALUES ('C1019','AxarPatel@gmail.com');
INSERT INTO fall22_s004_9_customer_email VALUES ('C1019','AxarPatel123@gmail.com');
INSERT INTO fall22_s004_9_customer_email VALUES ('C1018','JQRIFAII@gmail.com');
INSERT INTO fall22_s004_9_customer_email VALUES ('C1018','JQRIFAII123@gmail.com');
INSERT INTO fall22_s004_9_customer_email VALUES ('C1017','LINGTAOSOON@gmail.com');
INSERT INTO fall22_s004_9_customer_email VALUES ('C1017','LINGTAOSOON123@gmail.com');
INSERT INTO fall22_s004_9_customer_email VALUES ('C1016','RGHUGHES@gmail.com');
INSERT INTO fall22_s004_9_customer_email VALUES ('C1016','RGHUGHES123@gmail.com');
INSERT INTO fall22_s004_9_customer_email VALUES ('C1015','ELISABETEREGISGUILLAUMON@gmail.com');
INSERT INTO fall22_s004_9_customer_email VALUES ('C1015','ELISABETEREGISGUILLAUMON123@gmail.com');
INSERT INTO fall22_s004_9_customer_email VALUES ('C1014','JORGERUNNAZZOSALGUERO@gmail.com');
INSERT INTO fall22_s004_9_customer_email VALUES ('C1014','JORGERUNNAZZOSALGUERO123@gmail.com');
INSERT INTO fall22_s004_9_customer_email VALUES ('C1013','WEMACDONALD@gmail.com');
INSERT INTO fall22_s004_9_customer_email VALUES ('C1013','WEMACDONALD123@gmail.com');
INSERT INTO fall22_s004_9_customer_email VALUES ('C1012','ADMBRYCESON@gmail.com');
INSERT INTO fall22_s004_9_customer_email VALUES ('C1012','ADMBRYCESON123@gmail.com');
INSERT INTO fall22_s004_9_customer_email VALUES ('C1011','MCBORGSTEEDEBIRMOERSTRAAT@gmail.com');
INSERT INTO fall22_s004_9_customer_email VALUES ('C1011','MCBORGSTEEDEBIRMOERSTRAAT123@gmail.com');
INSERT INTO fall22_s004_9_customer_email VALUES ('C1010','ICLEMENSRUED@gmail.com');
INSERT INTO fall22_s004_9_customer_email VALUES ('C1010','ICLEMENSRUED123@gmail.com');
INSERT INTO fall22_s004_9_customer_email VALUES ('C1009','GUNTHERSTENGASSE@gmail.com');
INSERT INTO fall22_s004_9_customer_email VALUES ('C1009','GUNTHSTENGASSE123@gmail.com');
INSERT INTO fall22_s004_9_customer_email VALUES ('C1008','YCHAVANON@gmail.com');
INSERT INTO fall22_s004_9_customer_email VALUES ('C1008','YCHAVANON123@gmail.com');
INSERT INTO fall22_s004_9_customer_email VALUES ('C1007','JAWHITTEN@gmail.com');
INSERT INTO fall22_s004_9_customer_email VALUES ('C1007','JAWHITTEN123@gmail.com');
INSERT INTO fall22_s004_9_customer_email VALUES ('C1006','MRHEFFERNAN@gmail.com');
INSERT INTO fall22_s004_9_customer_email VALUES ('C1006','MRHEFFERNAN123@gmail.com');
INSERT INTO fall22_s004_9_customer_email VALUES ('C1005','ASILVERIA@gmail.com');
INSERT INTO fall22_s004_9_customer_email VALUES ('C1005','ASILVERIA123@gmail.com');
INSERT INTO fall22_s004_9_customer_email VALUES ('C1004','DWKADARAUCH@gmail.com');
INSERT INTO fall22_s004_9_customer_email VALUES ('C1004','DWKADARAUCH123@gmail.com');
INSERT INTO fall22_s004_9_customer_email VALUES ('C1003','STURNER@gmail.com');
INSERT INTO fall22_s004_9_customer_email VALUES ('C1003','STURNER123@gmail.com');
INSERT INTO fall22_s004_9_customer_email VALUES ('C1002','CHARLESBARON@gmail.com');
INSERT INTO fall22_s004_9_customer_email VALUES ('C1002','CHARLESBARON123@gmail.com');
INSERT INTO fall22_s004_9_customer_email VALUES ('C1001','ABAUM@gmail.com');
INSERT INTO fall22_s004_9_customer_email VALUES ('C1001','ABAUM123@gmail.com');

--fall22_s004_9_CUSTOMER ADDRESS
INSERT INTO fall22_s004_9_customer_address VALUES ('C1001', '101, w mitchell street,456',	'Arlington','76010');
INSERT INTO fall22_s004_9_customer_address VALUES ('C1002', '101, w mitchell street,447',	'Arlington'	,'76010');
INSERT INTO fall22_s004_9_customer_address VALUES ('C1003', '101, w mitchell street,357',	'Arlington'	,'76010');
INSERT INTO fall22_s004_9_customer_address VALUES ('C1004', '101, w mitchell street,447',	'Arlington'	,'76010');
INSERT INTO fall22_s004_9_customer_address VALUES ('C1002', '101, w mitchell street,147',	'Arlington'	,'76010');
INSERT INTO fall22_s004_9_customer_address VALUES ('C1006', '101, w mitchell street,143',	'Arlington'	,'76010');
INSERT INTO fall22_s004_9_customer_address VALUES ('C1007', '112, w mitchell street,1015','Arlington'	,'76013');
INSERT INTO fall22_s004_9_customer_address VALUES ('C1008', '112, w mitchell street,1015','Arlington'	,'76013');
INSERT INTO fall22_s004_9_customer_address VALUES ('C1003', '112, w mitchell street,1016','Arlington'	,'76013');
INSERT INTO fall22_s004_9_customer_address VALUES ('C1010', '112, w mitchell street,1021','Arlington'	,'76013');
INSERT INTO fall22_s004_9_customer_address VALUES ('C1011', '112, w mitchell street,1018','Arlington'	,'76013');
INSERT INTO fall22_s004_9_customer_address VALUES ('C1012', '112, w mitchell street,1019','Arlington'	,'76013');
INSERT INTO fall22_s004_9_customer_address VALUES ('C1013', '112, w mitchell street,1020','Arlington'	,'76013');
INSERT INTO fall22_s004_9_customer_address VALUES ('C1014', '112, w mitchell street,1021','Arlington'	,'76013');
INSERT INTO fall22_s004_9_customer_address VALUES ('C1015', '112, w mitchell street,1022','Arlington'	,'76013');
INSERT INTO fall22_s004_9_customer_address VALUES ('C1016', '202, N collins,1234','Arlington','76011');
INSERT INTO fall22_s004_9_customer_address VALUES ('C1017', '202, N collins,1235','Arlington','76011');
INSERT INTO fall22_s004_9_customer_address VALUES ('C1018', '202, N collins,1236','Arlington','76011');
INSERT INTO fall22_s004_9_customer_address VALUES ('C1019', '202, N collins,1237','Arlington','76011');
INSERT INTO fall22_s004_9_customer_address VALUES ('C1020', '202, N collins,1238','Arlington','76011');
INSERT INTO fall22_s004_9_customer_address VALUES ('C1021', '202, N collins,1239','Arlington','76011');
INSERT INTO fall22_s004_9_customer_address VALUES ('C1022', '202, N collins,1240','Arlington','76011');
INSERT INTO fall22_s004_9_customer_address VALUES ('C1023', '404, W Mesquite St,202','Arlington','76010');
INSERT INTO fall22_s004_9_customer_address VALUES ('C1024', '404, W Mesquite St,203','Arlington','76010');
INSERT INTO fall22_s004_9_customer_address VALUES ('C1025', '404, W Mesquite St,204','Arlington','76010');
INSERT INTO fall22_s004_9_customer_address VALUES ('C1026', '404, W Mesquite St,205','Arlington','76010');
INSERT INTO fall22_s004_9_customer_address VALUES ('C1027', '404, W Mesquite St,206','Arlington','76010');
INSERT INTO fall22_s004_9_customer_address VALUES ('C1028', '301, W Abram St,1256','Arlington','76010');
INSERT INTO fall22_s004_9_customer_address VALUES ('C1029', '301, W Abram St,1257','Arlington','76010');
INSERT INTO fall22_s004_9_customer_address VALUES ('C1030', '301, W Abram St,1258','Arlington','76010');
INSERT INTO fall22_s004_9_customer_address VALUES ('C1031', '301, W Abram St,1259','Arlington','76010');
INSERT INTO fall22_s004_9_customer_address VALUES ('C1032', '301, W Abram St,1260','Arlington','76010');
INSERT INTO fall22_s004_9_customer_address VALUES ('C1033', '816, W Abram St,1110','Arlington','76013');
INSERT INTO fall22_s004_9_customer_address VALUES ('C1034', '816, W Abram St,1111','Arlington','76013');
INSERT INTO fall22_s004_9_customer_address VALUES ('C1035', '816, W Abram St,1112','Arlington','76013');
INSERT INTO fall22_s004_9_customer_address VALUES ('C1036', '816, W Abram St,1113','Arlington','76013');
INSERT INTO fall22_s004_9_customer_address VALUES ('C1037', '816, W Abram St,1114','Arlington','76013');
INSERT INTO fall22_s004_9_customer_address VALUES ('C1038', '816, W Abram St,1115','Arlington','76013');
INSERT INTO fall22_s004_9_customer_address VALUES ('C1039', '816, W Abram St,1112','Arlington','76013');
INSERT INTO fall22_s004_9_customer_address VALUES ('C1040', 'South Center St,1212','Arlington','76010');
INSERT INTO fall22_s004_9_customer_address VALUES ('C1041', 'South Center St,1213','Arlington','76010');
INSERT INTO fall22_s004_9_customer_address VALUES ('C1042', 'South Center St,1214','Arlington','76010');
INSERT INTO fall22_s004_9_customer_address VALUES ('C1043', 'South Center St,1215','Arlington','76010');
INSERT INTO fall22_s004_9_customer_address VALUES ('C1044', 'South Center St,1216','Arlington','76010');
INSERT INTO fall22_s004_9_customer_address VALUES ('C1045', 'South Center St,1215','Arlington','76010');
INSERT INTO fall22_s004_9_customer_address VALUES ('C1046', '202, S Collins St,110','Arlington','76011');
INSERT INTO fall22_s004_9_customer_address VALUES ('C1047', '202, S Collins St,111','Arlington','76011');
INSERT INTO fall22_s004_9_customer_address VALUES ('C1048', '202, S Collins St,112','Arlington','76011');
INSERT INTO fall22_s004_9_customer_address VALUES ('C1049', '202, S Collins St,113','Arlington','76011');
INSERT INTO fall22_s004_9_customer_address VALUES ('C1050', '202, S Collins St,114','Arlington','76011');

--fall22_s004_9_customer_phoneno table
INSERT INTO fall22_s004_9_customer_phoneno VALUES ('C1050',9848822338);
INSERT INTO fall22_s004_9_customer_phoneno VALUES ('C1049',9848722338);
INSERT INTO fall22_s004_9_customer_phoneno VALUES ('C1048',9848622338);
INSERT INTO fall22_s004_9_customer_phoneno VALUES ('C1047',9848522338);
INSERT INTO fall22_s004_9_customer_phoneno VALUES ('C1046',9848422338);
INSERT INTO fall22_s004_9_customer_phoneno VALUES ('C1045',9848322338);
INSERT INTO fall22_s004_9_customer_phoneno VALUES ('C1044',9848222338);
INSERT INTO fall22_s004_9_customer_phoneno VALUES ('C1043',9848122338);
INSERT INTO fall22_s004_9_customer_phoneno VALUES ('C1041',9848029338);
INSERT INTO fall22_s004_9_customer_phoneno VALUES ('C1033',9848029338);
INSERT INTO fall22_s004_9_customer_phoneno VALUES ('C1032',9848028338);
INSERT INTO fall22_s004_9_customer_phoneno VALUES ('C1040',9848028337);
INSERT INTO fall22_s004_9_customer_phoneno VALUES ('C1031',9848027338);
INSERT INTO fall22_s004_9_customer_phoneno VALUES ('C1039',9848027336);
INSERT INTO fall22_s004_9_customer_phoneno VALUES ('C1030',9848026338);
INSERT INTO fall22_s004_9_customer_phoneno VALUES ('C1038',9848026335);
INSERT INTO fall22_s004_9_customer_phoneno VALUES ('C1029',9848025338);
INSERT INTO fall22_s004_9_customer_phoneno VALUES ('C1037',9848025334);
INSERT INTO fall22_s004_9_customer_phoneno VALUES ('C1028',9848024338);
INSERT INTO fall22_s004_9_customer_phoneno VALUES ('C1036',9848024333);
INSERT INTO fall22_s004_9_customer_phoneno VALUES ('C1027',9848023338);
INSERT INTO fall22_s004_9_customer_phoneno VALUES ('C1035',9848023332);
INSERT INTO fall22_s004_9_customer_phoneno VALUES ('C1025',9848022938);
INSERT INTO fall22_s004_9_customer_phoneno VALUES ('C1024',9848022838);
INSERT INTO fall22_s004_9_customer_phoneno VALUES ('C1023',9848022738);
INSERT INTO fall22_s004_9_customer_phoneno VALUES ('C1022',9848022638);
INSERT INTO fall22_s004_9_customer_phoneno VALUES ('C1021',9848022538);
INSERT INTO fall22_s004_9_customer_phoneno VALUES ('C1020',9848022438);
INSERT INTO fall22_s004_9_customer_phoneno VALUES ('C1016',9848022398);
INSERT INTO fall22_s004_9_customer_phoneno VALUES ('C1015',9848022388);
INSERT INTO fall22_s004_9_customer_phoneno VALUES ('C1014',9848022378);
INSERT INTO fall22_s004_9_customer_phoneno VALUES ('C1013',9848022368);
INSERT INTO fall22_s004_9_customer_phoneno VALUES ('C1012',9848022358);
INSERT INTO fall22_s004_9_customer_phoneno VALUES ('C1011',9848022348);
INSERT INTO fall22_s004_9_customer_phoneno VALUES ('C1042',9848022339);
INSERT INTO fall22_s004_9_customer_phoneno VALUES ('C1010',9848022339);
INSERT INTO fall22_s004_9_customer_phoneno VALUES ('C1001',9848022338);
INSERT INTO fall22_s004_9_customer_phoneno VALUES ('C1002',9848022337);
INSERT INTO fall22_s004_9_customer_phoneno VALUES ('C1003',9848022336);
INSERT INTO fall22_s004_9_customer_phoneno VALUES ('C1004',9848022335);
INSERT INTO fall22_s004_9_customer_phoneno VALUES ('C1005',9848022334);
INSERT INTO fall22_s004_9_customer_phoneno VALUES ('C1006',9848022333);
INSERT INTO fall22_s004_9_customer_phoneno VALUES ('C1007',9848022332);
INSERT INTO fall22_s004_9_customer_phoneno VALUES ('C1008',9848022331);
INSERT INTO fall22_s004_9_customer_phoneno VALUES ('C1009',9848022330);
INSERT INTO fall22_s004_9_customer_phoneno VALUES ('C1017',9848022308);
INSERT INTO fall22_s004_9_customer_phoneno VALUES ('C1019',9848022238);
INSERT INTO fall22_s004_9_customer_phoneno VALUES ('C1018',9848022138);
INSERT INTO fall22_s004_9_customer_phoneno VALUES ('C1026',9848021038);
INSERT INTO fall22_s004_9_customer_phoneno VALUES ('C1034',9848021031);
INSERT INTO fall22_s004_9_customer_phoneno VALUES ('C1050',6828822338);
INSERT INTO fall22_s004_9_customer_phoneno VALUES ('C1049',6828722338);
INSERT INTO fall22_s004_9_customer_phoneno VALUES ('C1048',6828622338);
INSERT INTO fall22_s004_9_customer_phoneno VALUES ('C1047',6828522338);
INSERT INTO fall22_s004_9_customer_phoneno VALUES ('C1046',6828422338);
INSERT INTO fall22_s004_9_customer_phoneno VALUES ('C1045',6828322338);
INSERT INTO fall22_s004_9_customer_phoneno VALUES ('C1044',6828222338);
INSERT INTO fall22_s004_9_customer_phoneno VALUES ('C1043',6828122338);
INSERT INTO fall22_s004_9_customer_phoneno VALUES ('C1041',6828029338);
INSERT INTO fall22_s004_9_customer_phoneno VALUES ('C1033',6828029338);
INSERT INTO fall22_s004_9_customer_phoneno VALUES ('C1032',6828028338);
INSERT INTO fall22_s004_9_customer_phoneno VALUES ('C1040',6828028337);
INSERT INTO fall22_s004_9_customer_phoneno VALUES ('C1031',6828027338);
INSERT INTO fall22_s004_9_customer_phoneno VALUES ('C1039',6828027336);
INSERT INTO fall22_s004_9_customer_phoneno VALUES ('C1030',6828026338);
INSERT INTO fall22_s004_9_customer_phoneno VALUES ('C1038',6828026335);
INSERT INTO fall22_s004_9_customer_phoneno VALUES ('C1029',6828025338);
INSERT INTO fall22_s004_9_customer_phoneno VALUES ('C1037',6828025334);
INSERT INTO fall22_s004_9_customer_phoneno VALUES ('C1028',6828024338);
INSERT INTO fall22_s004_9_customer_phoneno VALUES ('C1036',6828024333);
INSERT INTO fall22_s004_9_customer_phoneno VALUES ('C1027',6828023338);
INSERT INTO fall22_s004_9_customer_phoneno VALUES ('C1035',6828023332);
INSERT INTO fall22_s004_9_customer_phoneno VALUES ('C1025',6828022938);
INSERT INTO fall22_s004_9_customer_phoneno VALUES ('C1024',6828022838);
INSERT INTO fall22_s004_9_customer_phoneno VALUES ('C1023',6828022738);
INSERT INTO fall22_s004_9_customer_phoneno VALUES ('C1022',6828022638);
INSERT INTO fall22_s004_9_customer_phoneno VALUES ('C1021',6828022538);
INSERT INTO fall22_s004_9_customer_phoneno VALUES ('C1020',6828022438);
INSERT INTO fall22_s004_9_customer_phoneno VALUES ('C1016',6828022398);
INSERT INTO fall22_s004_9_customer_phoneno VALUES ('C1015',6828022388);
INSERT INTO fall22_s004_9_customer_phoneno VALUES ('C1014',6828022378);
INSERT INTO fall22_s004_9_customer_phoneno VALUES ('C1013',6828022368);
INSERT INTO fall22_s004_9_customer_phoneno VALUES ('C1012',6828022358);
INSERT INTO fall22_s004_9_customer_phoneno VALUES ('C1011',6828022348);
INSERT INTO fall22_s004_9_customer_phoneno VALUES ('C1042',6828022339);
INSERT INTO fall22_s004_9_customer_phoneno VALUES ('C1010',6828022339);
INSERT INTO fall22_s004_9_customer_phoneno VALUES ('C1001',6828022338);
INSERT INTO fall22_s004_9_customer_phoneno VALUES ('C1002',6828022337);
INSERT INTO fall22_s004_9_customer_phoneno VALUES ('C1003',6828022336);
INSERT INTO fall22_s004_9_customer_phoneno VALUES ('C1004',6828022335);
INSERT INTO fall22_s004_9_customer_phoneno VALUES ('C1005',6828022334);
INSERT INTO fall22_s004_9_customer_phoneno VALUES ('C1006',6828022333);
INSERT INTO fall22_s004_9_customer_phoneno VALUES ('C1007',6828022332);
INSERT INTO fall22_s004_9_customer_phoneno VALUES ('C1008',6828022331);
INSERT INTO fall22_s004_9_customer_phoneno VALUES ('C1009',6828022330);
INSERT INTO fall22_s004_9_customer_phoneno VALUES ('C1017',6828022308);
INSERT INTO fall22_s004_9_customer_phoneno VALUES ('C1019',6828022238);
INSERT INTO fall22_s004_9_customer_phoneno VALUES ('C1018',6828022138);
INSERT INTO fall22_s004_9_customer_phoneno VALUES ('C1026',6828021038);
INSERT INTO fall22_s004_9_customer_phoneno VALUES ('C1034',6828021031);
 
--fall22_s004_9_employee_jobtitle table
INSERT INTO fall22_s004_9_employee_jobtitle VALUES ('FrontDesk',20,7.2);
INSERT INTO fall22_s004_9_employee_jobtitle VALUES ('Delivery Pilot',42,10);
INSERT INTO fall22_s004_9_employee_jobtitle VALUES ('Manager',40,12);

--fall22_s004_9_EMPLOYEE_EMAIL
INSERT INTO fall22_s004_9_employee_email VALUES ('E050','TommyShelby@freshfoodpvtLtd.com');
INSERT INTO fall22_s004_9_employee_email VALUES ('E050','TommyShelby246@freshfoodpvtLtd.com');
INSERT INTO fall22_s004_9_employee_email VALUES ('E049','JohnShelby@freshfoodpvtLtd.com');
INSERT INTO fall22_s004_9_employee_email VALUES ('E049','JohnShelby246@freshfoodpvtLtd.com');
INSERT INTO fall22_s004_9_employee_email VALUES ('E048','MichaelGray@freshfoodpvtLtd.com');
INSERT INTO fall22_s004_9_employee_email VALUES ('E048','MichaelGray246@freshfoodpvtLtd.com');
INSERT INTO fall22_s004_9_employee_email VALUES ('E047','FinnShelby@freshfoodpvtLtd.com');
INSERT INTO fall22_s004_9_employee_email VALUES ('E047','FinnShelby246@freshfoodpvtLtd.com');
INSERT INTO fall22_s004_9_employee_email VALUES ('E046','ArthurShelby@freshfoodpvtLtd.com');
INSERT INTO fall22_s004_9_employee_email VALUES ('E046','ArthurShelby246@freshfoodpvtLtd.com');
INSERT INTO fall22_s004_9_employee_email VALUES ('E045','AlfieShelby@freshfoodpvtLtd.com');
INSERT INTO fall22_s004_9_employee_email VALUES ('E045','AlfieShelby246@freshfoodpvtLtd.com');
INSERT INTO fall22_s004_9_employee_email VALUES ('E044','FreddieShelby@freshfoodpvtLtd.com');
INSERT INTO fall22_s004_9_employee_email VALUES ('E044','FreddieShelby246@freshfoodpvtLtd.com');
INSERT INTO fall22_s004_9_employee_email VALUES ('E043','CharlieShelby@freshfoodpvtLtd.com');
INSERT INTO fall22_s004_9_employee_email VALUES ('E043','CharlieShelby246@freshfoodpvtLtd.com');
INSERT INTO fall22_s004_9_employee_email VALUES ('E042','AdaShelby@freshfoodpvtLtd.com');
INSERT INTO fall22_s004_9_employee_email VALUES ('E042','AdaShelby246@freshfoodpvtLtd.com');
INSERT INTO fall22_s004_9_employee_email VALUES ('E041','PollyGray@freshfoodpvtLtd.com');
INSERT INTO fall22_s004_9_employee_email VALUES ('E041','PollyGray246@freshfoodpvtLtd.com');
INSERT INTO fall22_s004_9_employee_email VALUES ('E040','MayCarleton@freshfoodpvtLtd.com');
INSERT INTO fall22_s004_9_employee_email VALUES ('E040','MayCarleton682@freshfoodpvtLtd.com');
INSERT INTO fall22_s004_9_employee_email VALUES ('E039','IzabellaShelby@freshfoodpvtLtd.com');
INSERT INTO fall22_s004_9_employee_email VALUES ('E039','IzabellaShelby682@freshfoodpvtLtd.com');
INSERT INTO fall22_s004_9_employee_email VALUES ('E038','GabrielCooper@freshfoodpvtLtd.com');
INSERT INTO fall22_s004_9_employee_email VALUES ('E038','GabrielCooper682@freshfoodpvtLtd.com');
INSERT INTO fall22_s004_9_employee_email VALUES ('E037','AlanMelendez@freshfoodpvtLtd.com');
INSERT INTO fall22_s004_9_employee_email VALUES ('E037','AlanMelendez682@freshfoodpvtLtd.com');
INSERT INTO fall22_s004_9_employee_email VALUES ('E036','JonathanGlover@freshfoodpvtLtd.com');
INSERT INTO fall22_s004_9_employee_email VALUES ('E036','JonathanGlover682@freshfoodpvtLtd.com');
INSERT INTO fall22_s004_9_employee_email VALUES ('E035','PaulaBrownDDS@freshfoodpvtLtd.com');
INSERT INTO fall22_s004_9_employee_email VALUES ('E035','PaulaBrownDDS682@freshfoodpvtLtd.com');
INSERT INTO fall22_s004_9_employee_email VALUES ('E034','MaryJackson@freshfoodpvtLtd.com');
INSERT INTO fall22_s004_9_employee_email VALUES ('E034','MaryJackson682@freshfoodpvtLtd.com');
INSERT INTO fall22_s004_9_employee_email VALUES ('E033','DerrickValentine@freshfoodpvtLtd.com');
INSERT INTO fall22_s004_9_employee_email VALUES ('E033','DerrickValentine682@freshfoodpvtLtd.com');
INSERT INTO fall22_s004_9_employee_email VALUES ('E032','JacobJuarez@freshfoodpvtLtd.com');
INSERT INTO fall22_s004_9_employee_email VALUES ('E032','JacobJuarez682@freshfoodpvtLtd.com');
INSERT INTO fall22_s004_9_employee_email VALUES ('E031','JermaineLane@freshfoodpvtLtd.com');
INSERT INTO fall22_s004_9_employee_email VALUES ('E031','JermaineLane682@freshfoodpvtLtd.com');
INSERT INTO fall22_s004_9_employee_email VALUES ('E030','YulianaDavidson@freshfoodpvtLtd.com');
INSERT INTO fall22_s004_9_employee_email VALUES ('E030','YulianaDavidson567@freshfoodpvtLtd.com');
INSERT INTO fall22_s004_9_employee_email VALUES ('E029','MilesCastillo@freshfoodpvtLtd.com');
INSERT INTO fall22_s004_9_employee_email VALUES ('E029','MilesCastillo567@freshfoodpvtLtd.com');
INSERT INTO fall22_s004_9_employee_email VALUES ('E028','BillyMerritt@freshfoodpvtLtd.com');
INSERT INTO fall22_s004_9_employee_email VALUES ('E028','BillyMerritt567@freshfoodpvtLtd.com');
INSERT INTO fall22_s004_9_employee_email VALUES ('E027','AnirudhKatkuri@freshfoodpvtLtd.com');
INSERT INTO fall22_s004_9_employee_email VALUES ('E027','AnirudhKatkuri567@freshfoodpvtLtd.com');
INSERT INTO fall22_s004_9_employee_email VALUES ('E026','AidanAyers@freshfoodpvtLtd.com');
INSERT INTO fall22_s004_9_employee_email VALUES ('E026','AidanAyers567@freshfoodpvtLtd.com');
INSERT INTO fall22_s004_9_employee_email VALUES ('E025','TaniaDyer@freshfoodpvtLtd.com');
INSERT INTO fall22_s004_9_employee_email VALUES ('E025','TaniaDyer567@freshfoodpvtLtd.com');
INSERT INTO fall22_s004_9_employee_email VALUES ('E024','RyleeKaufman@freshfoodpvtLtd.com');
INSERT INTO fall22_s004_9_employee_email VALUES ('E024','RyleeKaufman567@freshfoodpvtLtd.com');
INSERT INTO fall22_s004_9_employee_email VALUES ('E023','CierraKing@freshfoodpvtLtd.com');
INSERT INTO fall22_s004_9_employee_email VALUES ('E023','CierraKing567@freshfoodpvtLtd.com');
INSERT INTO fall22_s004_9_employee_email VALUES ('E022','SteveMcmillan@freshfoodpvtLtd.com');
INSERT INTO fall22_s004_9_employee_email VALUES ('E022','SteveMcmillan567@freshfoodpvtLtd.com');
INSERT INTO fall22_s004_9_employee_email VALUES ('E021','TabithaErickson@freshfoodpvtLtd.com');
INSERT INTO fall22_s004_9_employee_email VALUES ('E021','TabithaErickson987@freshfoodpvtLtd.com');
INSERT INTO fall22_s004_9_employee_email VALUES ('E020','BraedonShelton@freshfoodpvtLtd.com');
INSERT INTO fall22_s004_9_employee_email VALUES ('E020','BraedonShelton987@freshfoodpvtLtd.com');
INSERT INTO fall22_s004_9_employee_email VALUES ('E019','EllisBooth@freshfoodpvtLtd.com');
INSERT INTO fall22_s004_9_employee_email VALUES ('E019','EllisBooth987@freshfoodpvtLtd.com');
INSERT INTO fall22_s004_9_employee_email VALUES ('E018','JENNIFERHUETTE@freshfoodpvtLtd.com');
INSERT INTO fall22_s004_9_employee_email VALUES ('E018','JENNIFERHUETTE987@freshfoodpvtLtd.com');
INSERT INTO fall22_s004_9_employee_email VALUES ('E017','ATHENAWILSON@freshfoodpvtLtd.com');
INSERT INTO fall22_s004_9_employee_email VALUES ('E017','ATHENAWILSON987@freshfoodpvtLtd.com');
INSERT INTO fall22_s004_9_employee_email VALUES ('E016','MADIIHIMBURY@freshfoodpvtLtd.com');
INSERT INTO fall22_s004_9_employee_email VALUES ('E016','MADIIHIMBURY987@freshfoodpvtLtd.com');
INSERT INTO fall22_s004_9_employee_email VALUES ('E015','BELLASWAN@freshfoodpvtLtd.com');
INSERT INTO fall22_s004_9_employee_email VALUES ('E015','BELLASWAN987@freshfoodpvtLtd.com');
INSERT INTO fall22_s004_9_employee_email VALUES ('E014','WENDYSHAWN@freshfoodpvtLtd.com');
INSERT INTO fall22_s004_9_employee_email VALUES ('E014','WENDYSHAWN987@freshfoodpvtLtd.com');
INSERT INTO fall22_s004_9_employee_email VALUES ('E013','KARENMATTHEWS@freshfoodpvtLtd.com');
INSERT INTO fall22_s004_9_employee_email VALUES ('E013','KARENMATTHEWS987@freshfoodpvtLtd.com');
INSERT INTO fall22_s004_9_employee_email VALUES ('E012','ANDREWFAULKNER@freshfoodpvtLtd.com');
INSERT INTO fall22_s004_9_employee_email VALUES ('E012','ANDREWFAULKNER987@freshfoodpvtLtd.com');
INSERT INTO fall22_s004_9_employee_email VALUES ('E011','ROSESUMMERS@freshfoodpvtLtd.com');
INSERT INTO fall22_s004_9_employee_email VALUES ('E011','ROSESUMMERS987@freshfoodpvtLtd.com');
INSERT INTO fall22_s004_9_employee_email VALUES ('E010','JOHNASGHAR@freshfoodpvtLtd.com');
INSERT INTO fall22_s004_9_employee_email VALUES ('E010','JOHNASGHAR987@freshfoodpvtLtd.com');
INSERT INTO fall22_s004_9_employee_email VALUES ('E009','PAULTIMOTHY@freshfoodpvtLtd.com');
INSERT INTO fall22_s004_9_employee_email VALUES ('E009','PAULTIMOTHY987@freshfoodpvtLtd.com');
INSERT INTO fall22_s004_9_employee_email VALUES ('E008','ALFREDKINSLEY@freshfoodpvtLtd.com');
INSERT INTO fall22_s004_9_employee_email VALUES ('E008','ALFREDKINSLEY987@freshfoodpvtLtd.com');
INSERT INTO fall22_s004_9_employee_email VALUES ('E007','CONNIESMITH@freshfoodpvtLtd.com');
INSERT INTO fall22_s004_9_employee_email VALUES ('E007','CONNIESMITH122@freshfoodpvtLtd.com');
INSERT INTO fall22_s004_9_employee_email VALUES ('E006','KEVINHILL@freshfoodpvtLtd.com');
INSERT INTO fall22_s004_9_employee_email VALUES ('E006','KEVINHILL122@freshfoodpvtLtd.com');
INSERT INTO fall22_s004_9_employee_email VALUES ('E005','SAMMILES@freshfoodpvtLtd.com');
INSERT INTO fall22_s004_9_employee_email VALUES ('E005','SAMMILES122@freshfoodpvtLtd.com');
INSERT INTO fall22_s004_9_employee_email VALUES ('E004','KIMJARVIS@freshfoodpvtLtd.com');
INSERT INTO fall22_s004_9_employee_email VALUES ('E004','KIMJARVIS122@freshfoodpvtLtd.com');
INSERT INTO fall22_s004_9_employee_email VALUES ('E003','TIMADOLF@freshfoodpvtLtd.com');
INSERT INTO fall22_s004_9_employee_email VALUES ('E003','TIMADOLF122@freshfoodpvtLtd.com');
INSERT INTO fall22_s004_9_employee_email VALUES ('E002','BarbaraGriffith@freshfoodpvtLtd.com');
INSERT INTO fall22_s004_9_employee_email VALUES ('E002','BarbaraGriffith122@freshfoodpvtLtd.com');
INSERT INTO fall22_s004_9_employee_email VALUES ('E001','JohnASmith@freshfoodpvtLtd.com');
INSERT INTO fall22_s004_9_employee_email VALUES ('E001','JohnASmith122@freshfoodpvtLtd.com');

--fall22_s004_9_employee_Phoneno table
INSERT INTO fall22_s004_9_employee_phoneno VALUES ('E001',9402875964);
INSERT INTO fall22_s004_9_employee_phoneno VALUES ('E001',9402875965);
INSERT INTO fall22_s004_9_employee_phoneno VALUES ('E002',9402875966);
INSERT INTO fall22_s004_9_employee_phoneno VALUES ('E003',9402875967);
INSERT INTO fall22_s004_9_employee_phoneno VALUES ('E004',9402875968);
INSERT INTO fall22_s004_9_employee_phoneno VALUES ('E005',9402875969);
INSERT INTO fall22_s004_9_employee_phoneno VALUES ('E006',9402875970);
INSERT INTO fall22_s004_9_employee_phoneno VALUES ('E007',9402875971);
INSERT INTO fall22_s004_9_employee_phoneno VALUES ('E008',9402875972);
INSERT INTO fall22_s004_9_employee_phoneno VALUES ('E009',9402875973);
INSERT INTO fall22_s004_9_employee_phoneno VALUES ('E010',9402875974);
INSERT INTO fall22_s004_9_employee_phoneno VALUES ('E011',9402875975);
INSERT INTO fall22_s004_9_employee_phoneno VALUES ('E012',9402875976);
INSERT INTO fall22_s004_9_employee_phoneno VALUES ('E013',9402875977);
INSERT INTO fall22_s004_9_employee_phoneno VALUES ('E014',9402875978);
INSERT INTO fall22_s004_9_employee_phoneno VALUES ('E015',9402875979);
INSERT INTO fall22_s004_9_employee_phoneno VALUES ('E016',9402875980);
INSERT INTO fall22_s004_9_employee_phoneno VALUES ('E017',9402875981);
INSERT INTO fall22_s004_9_employee_phoneno VALUES ('E018',9402875982);
INSERT INTO fall22_s004_9_employee_phoneno VALUES ('E019',9402875983);
INSERT INTO fall22_s004_9_employee_phoneno VALUES ('E020',9402875984);
INSERT INTO fall22_s004_9_employee_phoneno VALUES ('E021',9402875985);
INSERT INTO fall22_s004_9_employee_phoneno VALUES ('E022',9402875986);
INSERT INTO fall22_s004_9_employee_phoneno VALUES ('E023',9402875987);
INSERT INTO fall22_s004_9_employee_phoneno VALUES ('E024',9402875988);
INSERT INTO fall22_s004_9_employee_phoneno VALUES ('E025',9402875989);
INSERT INTO fall22_s004_9_employee_phoneno VALUES ('E026',9402875990);
INSERT INTO fall22_s004_9_employee_phoneno VALUES ('E027',9402875991);
INSERT INTO fall22_s004_9_employee_phoneno VALUES ('E028',9402875992);
INSERT INTO fall22_s004_9_employee_phoneno VALUES ('E029',9402875993);
INSERT INTO fall22_s004_9_employee_phoneno VALUES ('E030',9402875994);
INSERT INTO fall22_s004_9_employee_phoneno VALUES ('E031',9402875995);
INSERT INTO fall22_s004_9_employee_phoneno VALUES ('E032',9402875996);
INSERT INTO fall22_s004_9_employee_phoneno VALUES ('E033',9402875997);
INSERT INTO fall22_s004_9_employee_phoneno VALUES ('E034',9402875998);
INSERT INTO fall22_s004_9_employee_phoneno VALUES ('E035',9402875999);
INSERT INTO fall22_s004_9_employee_phoneno VALUES ('E036',9402876000);
INSERT INTO fall22_s004_9_employee_phoneno VALUES ('E037',9402876001);
INSERT INTO fall22_s004_9_employee_phoneno VALUES ('E038',9402876002);
INSERT INTO fall22_s004_9_employee_phoneno VALUES ('E039',9402876003);
INSERT INTO fall22_s004_9_employee_phoneno VALUES ('E040',9402876004);
INSERT INTO fall22_s004_9_employee_phoneno VALUES ('E041',9402876005);
INSERT INTO fall22_s004_9_employee_phoneno VALUES ('E042',9402876006);
INSERT INTO fall22_s004_9_employee_phoneno VALUES ('E043',9402876007);
INSERT INTO fall22_s004_9_employee_phoneno VALUES ('E044',9402876008);
INSERT INTO fall22_s004_9_employee_phoneno VALUES ('E045',9402876009);
INSERT INTO fall22_s004_9_employee_phoneno VALUES ('E046',9402876010);
INSERT INTO fall22_s004_9_employee_phoneno VALUES ('E047',9402876011);
INSERT INTO fall22_s004_9_employee_phoneno VALUES ('E048',9402876012);
INSERT INTO fall22_s004_9_employee_phoneno VALUES ('E049',9402876013);
INSERT INTO fall22_s004_9_employee_phoneno VALUES ('E050',9402876014);
INSERT INTO fall22_s004_9_employee_phoneno VALUES ('E004',9402876015);
INSERT INTO fall22_s004_9_employee_phoneno VALUES ('E018',9402876016);
INSERT INTO fall22_s004_9_employee_phoneno VALUES ('E041',9402876017);

--fall22_s004_9_department TABLE
INSERT INTO fall22_s004_9_department VALUES ('DEPT001','Raw Meat','CAT001','Halal Meat','E004');
INSERT INTO fall22_s004_9_department VALUES ('DEPT002','Dairy Products','CAT002','Milk and Substitutes','E018');
INSERT INTO fall22_s004_9_department VALUES ('DEPT003','Fresh harvest','CAT003','Organic harvest','E050');
INSERT INTO fall22_s004_9_department VALUES ('DEPT004','Meals','CAT004','Ready to serve','E041');

--fall22_s004_9_Product table
INSERT INTO fall22_s004_9_product VALUES ('P1001','Chicken','DEPT001');
INSERT INTO fall22_s004_9_product VALUES ('P1002','ducks','DEPT001');
INSERT INTO fall22_s004_9_product VALUES ('P1003','turkey','DEPT001');
INSERT INTO fall22_s004_9_product VALUES ('P1004','eggs','DEPT001');
INSERT INTO fall22_s004_9_product VALUES ('P1005','emu','DEPT001');
INSERT INTO fall22_s004_9_product VALUES ('P1006','Lamb','DEPT001');
INSERT INTO fall22_s004_9_product VALUES ('P1007','Sheep','DEPT001');
INSERT INTO fall22_s004_9_product VALUES ('P1008','Beef Roasts','DEPT001');
INSERT INTO fall22_s004_9_product VALUES ('P1009','Ground Beef','DEPT001');
INSERT INTO fall22_s004_9_product VALUES ('P1010','Beef Steaks','DEPT001');
INSERT INTO fall22_s004_9_product VALUES ('P1011','Beef Briskets','DEPT001');
INSERT INTO fall22_s004_9_product VALUES ('P1012','Ham','DEPT001');
INSERT INTO fall22_s004_9_product VALUES ('P1013','Bacon','DEPT001');
INSERT INTO fall22_s004_9_product VALUES ('P1014','Pork','DEPT001');
INSERT INTO fall22_s004_9_product VALUES ('P1015','Sausages','DEPT001');
INSERT INTO fall22_s004_9_product VALUES ('P1016','Pepperoni','DEPT001');
INSERT INTO fall22_s004_9_product VALUES ('P1017','Fish','DEPT001');
INSERT INTO fall22_s004_9_product VALUES ('P1018','Shrimps','DEPT001');
INSERT INTO fall22_s004_9_product VALUES ('P1019','oyster','DEPT001');
INSERT INTO fall22_s004_9_product VALUES ('P1020','crab','DEPT001');
INSERT INTO fall22_s004_9_product VALUES ('P1021','squid','DEPT001');
INSERT INTO fall22_s004_9_product VALUES ('P1022','octopus','DEPT001');
INSERT INTO fall22_s004_9_product VALUES ('P1023','Creamy Parmesan Chicken - Broccoli and Tomatoes','DEPT004');
INSERT INTO fall22_s004_9_product VALUES ('P1024','Ranch Chicken with Cheesy Broccoli "Rice" and RoastedMushrooms','DEPT004');
INSERT INTO fall22_s004_9_product VALUES ('P1025','Tuscan Shrimp with creamy Kale and Zucchini-Pepper-Onion medley','DEPT004');
INSERT INTO fall22_s004_9_product VALUES ('P1026','Stuffed Pepper Casserole with Roasted Beans','DEPT004');
INSERT INTO fall22_s004_9_product VALUES ('P1027','Almond Crusted Salmon with Red Pepper Cream, Green Beans and Feta Dressing','DEPT004');
INSERT INTO fall22_s004_9_product VALUES ('P1028','Pesto Salmon with Creamed Spinach and Tomato Butter haricot Verts','DEPT004');
INSERT INTO fall22_s004_9_product VALUES ('P1029','Fiesta Grilled Chicken','DEPT004');
INSERT INTO fall22_s004_9_product VALUES ('P1030','Roasted Garlic Braised Chicken','DEPT004');
INSERT INTO fall22_s004_9_product VALUES ('P1031','Sour Cream and Chive Chicken','DEPT004');
INSERT INTO fall22_s004_9_product VALUES ('P1032','Shredded Chicken Taco Bowl','DEPT004');
INSERT INTO fall22_s004_9_product VALUES ('P1033','Smoked Tofu Almond Stir-Fry','DEPT003');
INSERT INTO fall22_s004_9_product VALUES ('P1034','Goat Cheese and Walnut Bolognese Fusilli','DEPT003');
INSERT INTO fall22_s004_9_product VALUES ('P1035','Peanut Buddha Bowl','DEPT003');
INSERT INTO fall22_s004_9_product VALUES ('P1036','Veg Green Chile Tostada Bake','DEPT003');
INSERT INTO fall22_s004_9_product VALUES ('P1037','Three Bean Vegan Chili','DEPT003');
INSERT INTO fall22_s004_9_product VALUES ('P1038','Green Goddess (Cucumber, Apple, Celery)','DEPT003');
INSERT INTO fall22_s004_9_product VALUES ('P1039','Ginger zinger (Carrot, Lemon, Ginger)','DEPT003');
INSERT INTO fall22_s004_9_product VALUES ('P1040','Tropi-kale (Banana, Pineapple, Kale)','DEPT003');
INSERT INTO fall22_s004_9_product VALUES ('P1041','Antioxidant blast (Beet, Strawberry, Blueberry)','DEPT003');
INSERT INTO fall22_s004_9_product VALUES ('P1042','Immune booster (Orange, Lemon, Ginger)','DEPT003');
INSERT INTO fall22_s004_9_product VALUES ('P1043','Not-so-sour apple (Tart Apple, Kale)','DEPT003');
INSERT INTO fall22_s004_9_product VALUES ('P1044','Kale kickstart (Kale, Orange, Banana, Strawberry)','DEPT003');
INSERT INTO fall22_s004_9_product VALUES ('P1045','Cucumber cooler(Cucumber, Cantaloupe, Celery)','DEPT003');
INSERT INTO fall22_s004_9_product VALUES ('P1046','Beerota (Apple, Beet, Carrot)','DEPT003');
INSERT INTO fall22_s004_9_product VALUES ('P1047','Kiwi Watermelon Lime','DEPT003');
INSERT INTO fall22_s004_9_product VALUES ('P1048','Milk','DEPT002');
INSERT INTO fall22_s004_9_product VALUES ('P1049','Butter','DEPT002');
INSERT INTO fall22_s004_9_product VALUES ('P1050','Cheese','DEPT002');
INSERT INTO fall22_s004_9_product VALUES ('P1051','Whole Milk','DEPT002');
INSERT INTO fall22_s004_9_product VALUES ('P1052','Organic Milk','DEPT002');
INSERT INTO fall22_s004_9_product VALUES ('P1053','Skimmed Milk','DEPT002');
INSERT INTO fall22_s004_9_product VALUES ('P1054','Full cream Milk','DEPT002');
INSERT INTO fall22_s004_9_product VALUES ('P1055','Flavored Milk','DEPT002');
INSERT INTO fall22_s004_9_product VALUES ('P1056','Lactose-Free Milk','DEPT002');
INSERT INTO fall22_s004_9_product VALUES ('P1057','Low fat Milk','DEPT002');
INSERT INTO fall22_s004_9_product VALUES ('P1058','2% Milk','DEPT002');
INSERT INTO fall22_s004_9_product VALUES ('P1059','Cream cheese','DEPT002');
INSERT INTO fall22_s004_9_product VALUES ('P1060','American Cheese','DEPT002');
INSERT INTO fall22_s004_9_product VALUES ('P1061','Asiago Cheese','DEPT002');
INSERT INTO fall22_s004_9_product VALUES ('P1062','Cheddar Cheese','DEPT002');
INSERT INTO fall22_s004_9_product VALUES ('P1063','Feta Cheese','DEPT002');
INSERT INTO fall22_s004_9_product VALUES ('P1064','Cottage Cheese','DEPT002');
INSERT INTO fall22_s004_9_product VALUES ('P1065','Gouda Cheese','DEPT002');
INSERT INTO fall22_s004_9_product VALUES ('P1066','Blue Cheese','DEPT002');
INSERT INTO fall22_s004_9_product VALUES ('P1067','Emmental','DEPT002');
INSERT INTO fall22_s004_9_product VALUES ('P1068','Pro Biotic Yogurt','DEPT002');
INSERT INTO fall22_s004_9_product VALUES ('P1069','Greek-style Yogurt','DEPT002');
INSERT INTO fall22_s004_9_product VALUES ('P1070','Swiss Yogurt','DEPT002');
INSERT INTO fall22_s004_9_product VALUES ('P1071','Frozen Yogurt','DEPT002');
INSERT INTO fall22_s004_9_product VALUES ('P1072','Lassi','DEPT002');
INSERT INTO fall22_s004_9_product VALUES ('P1073','Unsalted Butter','DEPT002');
INSERT INTO fall22_s004_9_product VALUES ('P1074','Salted Butter','DEPT002');
INSERT INTO fall22_s004_9_product VALUES ('P1075','Clarified Butter','DEPT002');
INSERT INTO fall22_s004_9_product VALUES ('P1076','Sweet Cream Butter','DEPT002');
INSERT INTO fall22_s004_9_product VALUES ('P1077','Plant-based Butter','DEPT002');
INSERT INTO fall22_s004_9_product VALUES ('P1078','Grass-Fed Butter','DEPT002');
INSERT INTO fall22_s004_9_product VALUES ('P1079','Jipangi','DEPT002');
INSERT INTO fall22_s004_9_product VALUES ('P1080','Soft Serve','DEPT002');
INSERT INTO fall22_s004_9_product VALUES ('P1081','Sorbet','DEPT002');
INSERT INTO fall22_s004_9_product VALUES ('P1082','kulfi','DEPT002');
INSERT INTO fall22_s004_9_product VALUES ('P1083','Ice popsicles','DEPT002');
INSERT INTO fall22_s004_9_product VALUES ('P1084','Boabing','DEPT002');
INSERT INTO fall22_s004_9_product VALUES ('P1085','Falooda','DEPT002');
INSERT INTO fall22_s004_9_product VALUES ('P1086','Choco chip cookie icecream','DEPT002');
INSERT INTO fall22_s004_9_product VALUES ('P1087','Chocolate Icecream','DEPT002');
INSERT INTO fall22_s004_9_product VALUES ('P1088','Original Yogurt','DEPT002');
INSERT INTO fall22_s004_9_product VALUES ('P1089','Tomatoes','DEPT003');
INSERT INTO fall22_s004_9_product VALUES ('P1090','Green Chillies','DEPT003');
INSERT INTO fall22_s004_9_product VALUES ('P1091','Cilantro','DEPT003');
INSERT INTO fall22_s004_9_product VALUES ('P1092','Corn','DEPT003');
INSERT INTO fall22_s004_9_product VALUES ('P1093','Mushroom','DEPT003');
INSERT INTO fall22_s004_9_product VALUES ('P1094','Broccoli','DEPT003');
INSERT INTO fall22_s004_9_product VALUES ('P1095','Cucumber','DEPT003');
INSERT INTO fall22_s004_9_product VALUES ('P1096','Red pepper/red bell pepper','DEPT003');
INSERT INTO fall22_s004_9_product VALUES ('P1097','Shredded Pineapple','DEPT003');
INSERT INTO fall22_s004_9_product VALUES ('P1098','Carrot','DEPT003');
INSERT INTO fall22_s004_9_product VALUES ('P1099','Brussels sprout','DEPT003');
INSERT INTO fall22_s004_9_product VALUES ('P1100','Pumpkin','DEPT003');
INSERT INTO fall22_s004_9_product VALUES ('P1101','Cabbage','DEPT003');
INSERT INTO fall22_s004_9_product VALUES ('P1102','Potato','DEPT003');
INSERT INTO fall22_s004_9_product VALUES ('P1103','Eggplant','DEPT003');
INSERT INTO fall22_s004_9_product VALUES ('P1104','Sweet potato','DEPT003');
INSERT INTO fall22_s004_9_product VALUES ('P1105','Turnip','DEPT003');
INSERT INTO fall22_s004_9_product VALUES ('P1106','zucchini','DEPT003');
INSERT INTO fall22_s004_9_product VALUES ('P1107','Onion','DEPT003');
INSERT INTO fall22_s004_9_product VALUES ('P1108','Lettuce','DEPT003');
INSERT INTO fall22_s004_9_product VALUES ('P1109','Radish','DEPT003');
INSERT INTO fall22_s004_9_product VALUES ('P1110','Peas','DEPT003');
INSERT INTO fall22_s004_9_product VALUES ('P1111','Asparagus','DEPT003');
INSERT INTO fall22_s004_9_product VALUES ('P1112','Celery','DEPT003');
INSERT INTO fall22_s004_9_product VALUES ('P1113','Green pepper','DEPT003');
INSERT INTO fall22_s004_9_product VALUES ('P1114','French beans','DEPT003');
INSERT INTO fall22_s004_9_product VALUES ('P1115','Spinach','DEPT003');
INSERT INTO fall22_s004_9_product VALUES ('P1116','beet','DEPT003');
INSERT INTO fall22_s004_9_product VALUES ('P1117','red chili peppers','DEPT003');
INSERT INTO fall22_s004_9_product VALUES ('P1118','Bean','DEPT003');
INSERT INTO fall22_s004_9_product VALUES ('P1119','Apple','DEPT003');
INSERT INTO fall22_s004_9_product VALUES ('P1120','Watermelon','DEPT003');
INSERT INTO fall22_s004_9_product VALUES ('P1121','Orange','DEPT003');
INSERT INTO fall22_s004_9_product VALUES ('P1122','Pear','DEPT003');
INSERT INTO fall22_s004_9_product VALUES ('P1123','Cherry','DEPT003');
INSERT INTO fall22_s004_9_product VALUES ('P1124','Strawberry','DEPT003');
INSERT INTO fall22_s004_9_product VALUES ('P1125','Nectarine','DEPT003');
INSERT INTO fall22_s004_9_product VALUES ('P1126','Red Grape Pulp','DEPT003');
INSERT INTO fall22_s004_9_product VALUES ('P1127','Mango','DEPT003');
INSERT INTO fall22_s004_9_product VALUES ('P1128','Blueberry','DEPT003');
INSERT INTO fall22_s004_9_product VALUES ('P1129','Pomegranate','DEPT003');
INSERT INTO fall22_s004_9_product VALUES ('P1130','starfruit','DEPT003');
INSERT INTO fall22_s004_9_product VALUES ('P1131','Plum','DEPT003');
INSERT INTO fall22_s004_9_product VALUES ('P1132','Banana','DEPT003');
INSERT INTO fall22_s004_9_product VALUES ('P1133','Raspberry','DEPT003');
INSERT INTO fall22_s004_9_product VALUES ('P1134','Mandarin','DEPT003');
INSERT INTO fall22_s004_9_product VALUES ('P1135','Jackfruit','DEPT003');
INSERT INTO fall22_s004_9_product VALUES ('P1136','Papaya','DEPT003');
INSERT INTO fall22_s004_9_product VALUES ('P1137','Kiwi','DEPT003');
INSERT INTO fall22_s004_9_product VALUES ('P1138','Pineapple','DEPT003');
INSERT INTO fall22_s004_9_product VALUES ('P1139','Lime Pulp','DEPT003');
INSERT INTO fall22_s004_9_product VALUES ('P1140','Lemonade','DEPT003');
INSERT INTO fall22_s004_9_product VALUES ('P1141','Apricot Pulp','DEPT003');
INSERT INTO fall22_s004_9_product VALUES ('P1142','Grapefruit','DEPT003');
INSERT INTO fall22_s004_9_product VALUES ('P1143','Sweet Melon','DEPT003');
INSERT INTO fall22_s004_9_product VALUES ('P1144','Coconut','DEPT003');
INSERT INTO fall22_s004_9_product VALUES ('P1145','Sliced Avocado','DEPT003');
INSERT INTO fall22_s004_9_product VALUES ('P1146','Peach Pulp','DEPT003');

--fall22_s004_9_Product_Pname_SellingPrice_Qty
INSERT INTO fall22_s004_9_product_pname_sellingprice_quantity VALUES ('Chicken',6.64,200);
INSERT INTO fall22_s004_9_product_pname_sellingprice_quantity VALUES ('ducks',7.8,146);
INSERT INTO fall22_s004_9_product_pname_sellingprice_quantity VALUES ('turkey',5.9,164);
INSERT INTO fall22_s004_9_product_pname_sellingprice_quantity VALUES ('eggs',18.93,2665);
INSERT INTO fall22_s004_9_product_pname_sellingprice_quantity VALUES ('emu	',4.98,789);
INSERT INTO fall22_s004_9_product_pname_sellingprice_quantity VALUES ('Lamb',13.6,27896);
INSERT INTO fall22_s004_9_product_pname_sellingprice_quantity VALUES ('Sheep',26.5,130);
INSERT INTO fall22_s004_9_product_pname_sellingprice_quantity VALUES ('Beef Roasts',29.96,561);
INSERT INTO fall22_s004_9_product_pname_sellingprice_quantity VALUES ('Ground Beef',28.72,865);
INSERT INTO fall22_s004_9_product_pname_sellingprice_quantity VALUES ('Beef Steaks',10.85,265);
INSERT INTO fall22_s004_9_product_pname_sellingprice_quantity VALUES ('Beef Briskets',11.76,446);
INSERT INTO fall22_s004_9_product_pname_sellingprice_quantity VALUES ('Ham',12.99,387);
INSERT INTO fall22_s004_9_product_pname_sellingprice_quantity VALUES ('Bacon',11.56,256);
INSERT INTO fall22_s004_9_product_pname_sellingprice_quantity VALUES ('Pork',23.79,736);
INSERT INTO fall22_s004_9_product_pname_sellingprice_quantity VALUES ('Sausages',10.85,545);
INSERT INTO fall22_s004_9_product_pname_sellingprice_quantity VALUES ('Pepperoni',8.95,3654);
INSERT INTO fall22_s004_9_product_pname_sellingprice_quantity VALUES ('Fish',4.59,4566);
INSERT INTO fall22_s004_9_product_pname_sellingprice_quantity VALUES ('Shrimps',9.05,4356);
INSERT INTO fall22_s004_9_product_pname_sellingprice_quantity VALUES ('oyster',21.95,234);
INSERT INTO fall22_s004_9_product_pname_sellingprice_quantity VALUES ('crab',6.48,4532);
INSERT INTO fall22_s004_9_product_pname_sellingprice_quantity VALUES ('squid',9.95,125);
INSERT INTO fall22_s004_9_product_pname_sellingprice_quantity VALUES ('octopus',8.75,876);
INSERT INTO fall22_s004_9_product_pname_sellingprice_quantity VALUES ('Creamy Parmesan Chicken - Broccoli and Tomatoes',7.85,123);
INSERT INTO fall22_s004_9_product_pname_sellingprice_quantity VALUES ('Ranch Chicken with Cheesy Broccoli "Rice" and RoastedMushrooms',10.34,876);
INSERT INTO fall22_s004_9_product_pname_sellingprice_quantity VALUES ('Tuscan Shrimp with creamy Kale and Zucchini-Pepper-Onion medley',18.93,2345);
INSERT INTO fall22_s004_9_product_pname_sellingprice_quantity VALUES ('Stuffed Pepper Casserole with Roasted Beans',14.98,8765);
INSERT INTO fall22_s004_9_product_pname_sellingprice_quantity VALUES ('Almond Crusted Salmon with Red Pepper Cream, Green Beans and Feta Dressing',13.6,2345);
INSERT INTO fall22_s004_9_product_pname_sellingprice_quantity VALUES ('Pesto Salmon with Creamed Spinach and Tomato Butter haricot Verts',11.75,765);
INSERT INTO fall22_s004_9_product_pname_sellingprice_quantity VALUES ('Fiesta Grilled Chicken',12.45,256);
INSERT INTO fall22_s004_9_product_pname_sellingprice_quantity VALUES ('Roasted Garlic Braised Chicken',10.75,863);
INSERT INTO fall22_s004_9_product_pname_sellingprice_quantity VALUES ('Sour Cream and Chive Chicken',12.4,928);
INSERT INTO fall22_s004_9_product_pname_sellingprice_quantity VALUES ('Shredded Chicken Taco Bowl',11.75,364);
INSERT INTO fall22_s004_9_product_pname_sellingprice_quantity VALUES ('Smoked Tofu Almond Stir-Fry',12.45,831);
INSERT INTO fall22_s004_9_product_pname_sellingprice_quantity VALUES ('Goat Cheese and Walnut Bolognese Fusilli',11.75,265);
INSERT INTO fall22_s004_9_product_pname_sellingprice_quantity VALUES ('Peanut Buddha Bowl',9.95,863);
INSERT INTO fall22_s004_9_product_pname_sellingprice_quantity VALUES ('Veg Green Chile Tostada Bake',10.75,954);
INSERT INTO fall22_s004_9_product_pname_sellingprice_quantity VALUES ('Three Bean Vegan Chili',7.75,572);
INSERT INTO fall22_s004_9_product_pname_sellingprice_quantity VALUES ('Green Goddess (Cucumber, Apple, Celery)',6.99,82);
INSERT INTO fall22_s004_9_product_pname_sellingprice_quantity VALUES ('Ginger zinger (Carrot, Lemon, Ginger)',7.85,642);
INSERT INTO fall22_s004_9_product_pname_sellingprice_quantity VALUES ('Tropi-kale (Banana, Pineapple, Kale)',8.75,453);
INSERT INTO fall22_s004_9_product_pname_sellingprice_quantity VALUES ('Antioxidant blast (Beet, Strawberry, Blueberry)',7.5,861);
INSERT INTO fall22_s004_9_product_pname_sellingprice_quantity VALUES ('Immune booster (Orange, Lemon, Ginger)',7.49,520);
INSERT INTO fall22_s004_9_product_pname_sellingprice_quantity VALUES ('Not-so-sour apple (Tart Apple, Kale)',6.99,972);
INSERT INTO fall22_s004_9_product_pname_sellingprice_quantity VALUES ('Kale kickstart (Kale, Orange, Banana, Strawberry)',6.65,462);
INSERT INTO fall22_s004_9_product_pname_sellingprice_quantity VALUES ('Cucumber cooler(Cucumber, Cantaloupe, Celery)',7.25,862);
INSERT INTO fall22_s004_9_product_pname_sellingprice_quantity VALUES ('Beerota (Apple, Beet, Carrot)',6.25,976);
INSERT INTO fall22_s004_9_product_pname_sellingprice_quantity VALUES ('Kiwi Watermelon Lime',7.45,154);
INSERT INTO fall22_s004_9_product_pname_sellingprice_quantity VALUES ('Milk',6.45,752);
INSERT INTO fall22_s004_9_product_pname_sellingprice_quantity VALUES ('Butter',9.75,827);
INSERT INTO fall22_s004_9_product_pname_sellingprice_quantity VALUES ('Cheese',3.45,8765);
INSERT INTO fall22_s004_9_product_pname_sellingprice_quantity VALUES ('Whole Milk',3.99,6457);
INSERT INTO fall22_s004_9_product_pname_sellingprice_quantity VALUES ('Organic Milk',3.75,5812);
INSERT INTO fall22_s004_9_product_pname_sellingprice_quantity VALUES ('Skimmed Milk',4.25,8962);
INSERT INTO fall22_s004_9_product_pname_sellingprice_quantity VALUES ('Full cream Milk',4.75,6542);
INSERT INTO fall22_s004_9_product_pname_sellingprice_quantity VALUES ('Flavored Milk',4.25,4372);
INSERT INTO fall22_s004_9_product_pname_sellingprice_quantity VALUES ('Lactose-Free Milk',5.25,5238);
INSERT INTO fall22_s004_9_product_pname_sellingprice_quantity VALUES ('Low fat Milk',3.99,	9287);
INSERT INTO fall22_s004_9_product_pname_sellingprice_quantity VALUES ('2% Milk	3.75',5628,496);
INSERT INTO fall22_s004_9_product_pname_sellingprice_quantity VALUES ('Cream cheese',4.05,	9283);
INSERT INTO fall22_s004_9_product_pname_sellingprice_quantity VALUES ('American Cheese',3.45,8634);
INSERT INTO fall22_s004_9_product_pname_sellingprice_quantity VALUES ('Asiago Cheese',3.75,1730);
INSERT INTO fall22_s004_9_product_pname_sellingprice_quantity VALUES ('Cheddar Cheese',3.95,8362);
INSERT INTO fall22_s004_9_product_pname_sellingprice_quantity VALUES ('Feta Cheese',4.29,6389);
INSERT INTO fall22_s004_9_product_pname_sellingprice_quantity VALUES ('Cottage Cheese',3.79,4614);
INSERT INTO fall22_s004_9_product_pname_sellingprice_quantity VALUES ('Gouda Cheese',3.99,4615);
INSERT INTO fall22_s004_9_product_pname_sellingprice_quantity VALUES ('Blue Cheese',3.85,6542);
INSERT INTO fall22_s004_9_product_pname_sellingprice_quantity VALUES ('Emmental',3.95,3341);
INSERT INTO fall22_s004_9_product_pname_sellingprice_quantity VALUES ('Pro Biotic Yogurt',3.69,6255);
INSERT INTO fall22_s004_9_product_pname_sellingprice_quantity VALUES ('Greek-style Yogurt',3.75,8632);
INSERT INTO fall22_s004_9_product_pname_sellingprice_quantity VALUES ('Swiss Yogurt',3.15,5647);
INSERT INTO fall22_s004_9_product_pname_sellingprice_quantity VALUES ('Frozen Yogurt',3.3,6712);
INSERT INTO fall22_s004_9_product_pname_sellingprice_quantity VALUES ('Lassi',3.39,1345);
INSERT INTO fall22_s004_9_product_pname_sellingprice_quantity VALUES ('Unsalted Butter',3.45,1200);
INSERT INTO fall22_s004_9_product_pname_sellingprice_quantity VALUES ('Salted Butter',3.29,451);
INSERT INTO fall22_s004_9_product_pname_sellingprice_quantity VALUES ('Clarified Butter',2.99,76990);
INSERT INTO fall22_s004_9_product_pname_sellingprice_quantity VALUES ('Sweet Cream Butter',3.19,67432);
INSERT INTO fall22_s004_9_product_pname_sellingprice_quantity VALUES ('Plant-based Butter',4.25,461);
INSERT INTO fall22_s004_9_product_pname_sellingprice_quantity VALUES ('Grass-Fed Butter',4.59,274);
INSERT INTO fall22_s004_9_product_pname_sellingprice_quantity VALUES ('Jipangi',4.65,561);
INSERT INTO fall22_s004_9_product_pname_sellingprice_quantity VALUES ('Soft Serve',4.85,871);
INSERT INTO fall22_s004_9_product_pname_sellingprice_quantity VALUES ('Sorbet',3.95,98237);
INSERT INTO fall22_s004_9_product_pname_sellingprice_quantity VALUES ('kulfi',4.85,98732);
INSERT INTO fall22_s004_9_product_pname_sellingprice_quantity VALUES ('Ice popsicles',4.66,41763);
INSERT INTO fall22_s004_9_product_pname_sellingprice_quantity VALUES ('Boabing',5.85,5274);
INSERT INTO fall22_s004_9_product_pname_sellingprice_quantity VALUES ('Falooda',4.65,1008);
INSERT INTO fall22_s004_9_product_pname_sellingprice_quantity VALUES ('Choco chip cookie icecream',4.25,2665);
INSERT INTO fall22_s004_9_product_pname_sellingprice_quantity VALUES ('Chocolate Icecream',5.65,789);
INSERT INTO fall22_s004_9_product_pname_sellingprice_quantity VALUES ('Original Yogurt',3.25,27896);
INSERT INTO fall22_s004_9_product_pname_sellingprice_quantity VALUES ('Tomatoes',3.59,130);
INSERT INTO fall22_s004_9_product_pname_sellingprice_quantity VALUES ('Green Chillies',3.65,8634);
INSERT INTO fall22_s004_9_product_pname_sellingprice_quantity VALUES ('Cilantro',6.5,1730);
INSERT INTO fall22_s004_9_product_pname_sellingprice_quantity VALUES ('Corn',5.85,8362);
INSERT INTO fall22_s004_9_product_pname_sellingprice_quantity VALUES ('Mushroom',3.25,6389);
INSERT INTO fall22_s004_9_product_pname_sellingprice_quantity VALUES ('Broccoli',4.5,4614);
INSERT INTO fall22_s004_9_product_pname_sellingprice_quantity VALUES ('Cucumber',5.85,4615);
INSERT INTO fall22_s004_9_product_pname_sellingprice_quantity VALUES ('Red pepper/red bell pepper',6.75,6542);
INSERT INTO fall22_s004_9_product_pname_sellingprice_quantity VALUES ('Shredded Pineapple',4.65,3341);
INSERT INTO fall22_s004_9_product_pname_sellingprice_quantity VALUES ('Carrot',5.66,6255);
INSERT INTO fall22_s004_9_product_pname_sellingprice_quantity VALUES ('Brussels sprout',6.75,8632);
INSERT INTO fall22_s004_9_product_pname_sellingprice_quantity VALUES ('Pumpkin',6.66,5647);
INSERT INTO fall22_s004_9_product_pname_sellingprice_quantity VALUES ('Cabbage',6.95,6712);
INSERT INTO fall22_s004_9_product_pname_sellingprice_quantity VALUES ('Potato',7.75,1345);
INSERT INTO fall22_s004_9_product_pname_sellingprice_quantity VALUES ('Eggplant',6.75,1200);
INSERT INTO fall22_s004_9_product_pname_sellingprice_quantity VALUES ('Sweet potato',7.76,8765);
INSERT INTO fall22_s004_9_product_pname_sellingprice_quantity VALUES ('Turnip',8.87,6457);
INSERT INTO fall22_s004_9_product_pname_sellingprice_quantity VALUES ('zucchini',10.75,5812);
INSERT INTO fall22_s004_9_product_pname_sellingprice_quantity VALUES ('Onion',3.5,8962);
INSERT INTO fall22_s004_9_product_pname_sellingprice_quantity VALUES ('Lettuce',2.59,6542);
INSERT INTO fall22_s004_9_product_pname_sellingprice_quantity VALUES ('Radish',1.98,4372);
INSERT INTO fall22_s004_9_product_pname_sellingprice_quantity VALUES ('Peas',1.75,5238);
INSERT INTO fall22_s004_9_product_pname_sellingprice_quantity VALUES ('Asparagus',1.95,9287);
INSERT INTO fall22_s004_9_product_pname_sellingprice_quantity VALUES ('Celery',2.5,5628);
INSERT INTO fall22_s004_9_product_pname_sellingprice_quantity VALUES ('Green pepper',2.95,9283);
INSERT INTO fall22_s004_9_product_pname_sellingprice_quantity VALUES ('French beans',2.35,8634);
INSERT INTO fall22_s004_9_product_pname_sellingprice_quantity VALUES ('Spinach',1.56,1730);
INSERT INTO fall22_s004_9_product_pname_sellingprice_quantity VALUES ('beet',1.25,8362);
INSERT INTO fall22_s004_9_product_pname_sellingprice_quantity VALUES ('red chili peppers',1.75,6389);
INSERT INTO fall22_s004_9_product_pname_sellingprice_quantity VALUES ('Bean',1.45,4614);
INSERT INTO fall22_s004_9_product_pname_sellingprice_quantity VALUES ('Apple',0.98,4615);
INSERT INTO fall22_s004_9_product_pname_sellingprice_quantity VALUES ('Watermelon',1.56,6542);
INSERT INTO fall22_s004_9_product_pname_sellingprice_quantity VALUES ('Orange',10.75,3341);
INSERT INTO fall22_s004_9_product_pname_sellingprice_quantity VALUES ('Pear',12.56,6255);
INSERT INTO fall22_s004_9_product_pname_sellingprice_quantity VALUES ('Cherry',10.65,8632);
INSERT INTO fall22_s004_9_product_pname_sellingprice_quantity VALUES ('Strawberry',11.75,5647);
INSERT INTO fall22_s004_9_product_pname_sellingprice_quantity VALUES ('Nectarine',10.55,6712);
INSERT INTO fall22_s004_9_product_pname_sellingprice_quantity VALUES ('Red Grape Pulp',8.95,876);
INSERT INTO fall22_s004_9_product_pname_sellingprice_quantity VALUES ('Mango',9.95,123);
INSERT INTO fall22_s004_9_product_pname_sellingprice_quantity VALUES ('Blueberry',8.75,876);
INSERT INTO fall22_s004_9_product_pname_sellingprice_quantity VALUES ('Pomegranate',8.85,2345);
INSERT INTO fall22_s004_9_product_pname_sellingprice_quantity VALUES ('starfruit',10.34,8765);
INSERT INTO fall22_s004_9_product_pname_sellingprice_quantity VALUES ('Plum',18.93,2345);
INSERT INTO fall22_s004_9_product_pname_sellingprice_quantity VALUES ('Banana',14.98,765);
INSERT INTO fall22_s004_9_product_pname_sellingprice_quantity VALUES ('Raspberry',13.6,256);
INSERT INTO fall22_s004_9_product_pname_sellingprice_quantity VALUES ('Mandarin',7.75,863);
INSERT INTO fall22_s004_9_product_pname_sellingprice_quantity VALUES ('Jackfruit',8.95,928);
INSERT INTO fall22_s004_9_product_pname_sellingprice_quantity VALUES ('Papaya',8.85,364);
INSERT INTO fall22_s004_9_product_pname_sellingprice_quantity VALUES ('Kiwi',8.85,831);
INSERT INTO fall22_s004_9_product_pname_sellingprice_quantity VALUES ('Pineapple',9.5,265);
INSERT INTO fall22_s004_9_product_pname_sellingprice_quantity VALUES ('Lime Pulp',10.34,863);
INSERT INTO fall22_s004_9_product_pname_sellingprice_quantity VALUES ('Lemonade',18.93,954);
INSERT INTO fall22_s004_9_product_pname_sellingprice_quantity VALUES ('Apricot Pulp',14.98,572);
INSERT INTO fall22_s004_9_product_pname_sellingprice_quantity VALUES ('Grapefruit',13.6,682);
INSERT INTO fall22_s004_9_product_pname_sellingprice_quantity VALUES ('Sweet Melon',12.56,642);
INSERT INTO fall22_s004_9_product_pname_sellingprice_quantity VALUES ('Coconut',11.95,453);
INSERT INTO fall22_s004_9_product_pname_sellingprice_quantity VALUES ('Sliced Avocado',12.76,861);
INSERT INTO fall22_s004_9_product_pname_sellingprice_quantity VALUES ('Peach Pulp',11.56,2896);

--fall22_s004_9_product_pname_sellingprice_rating table
INSERT INTO fall22_s004_9_product_pname_sellingprice_rating VALUES ('Chicken',6.64,7);
INSERT INTO fall22_s004_9_product_pname_sellingprice_rating VALUES ('ducks',7.8,8);
INSERT INTO fall22_s004_9_product_pname_sellingprice_rating VALUES ('turkey',5.9,6);
INSERT INTO fall22_s004_9_product_pname_sellingprice_rating VALUES ('eggs',18.93,3);
INSERT INTO fall22_s004_9_product_pname_sellingprice_rating VALUES ('emu',14.98,7);
INSERT INTO fall22_s004_9_product_pname_sellingprice_rating VALUES ('Lamb',13.6,3);
INSERT INTO fall22_s004_9_product_pname_sellingprice_rating VALUES ('Sheep',26.5,6);
INSERT INTO fall22_s004_9_product_pname_sellingprice_rating VALUES ('Beef Roasts',29.96,9);
INSERT INTO fall22_s004_9_product_pname_sellingprice_rating VALUES ('Ground Beef',28.72,1);
INSERT INTO fall22_s004_9_product_pname_sellingprice_rating VALUES ('Beef Steaks',10.85,5);
INSERT INTO fall22_s004_9_product_pname_sellingprice_rating VALUES ('Beef Briskets',11.76,6);
INSERT INTO fall22_s004_9_product_pname_sellingprice_rating VALUES ('Ham',12.99,8);
INSERT INTO fall22_s004_9_product_pname_sellingprice_rating VALUES ('Bacon',11.56,6);
INSERT INTO fall22_s004_9_product_pname_sellingprice_rating VALUES ('Pork',23.79,9);
INSERT INTO fall22_s004_9_product_pname_sellingprice_rating VALUES ('Sausages',10.85,4);
INSERT INTO fall22_s004_9_product_pname_sellingprice_rating VALUES ('Pepperoni',8.95,7);
INSERT INTO fall22_s004_9_product_pname_sellingprice_rating VALUES ('Fish',4.59,8);
INSERT INTO fall22_s004_9_product_pname_sellingprice_rating VALUES ('Shrimps',9.05,6);
INSERT INTO fall22_s004_9_product_pname_sellingprice_rating VALUES ('oyster',21.95,3);
INSERT INTO fall22_s004_9_product_pname_sellingprice_rating VALUES ('crab',6.48,7);
INSERT INTO fall22_s004_9_product_pname_sellingprice_rating VALUES ('squid',9.95,3);
INSERT INTO fall22_s004_9_product_pname_sellingprice_rating VALUES ('octopus',8.75,6);
INSERT INTO fall22_s004_9_product_pname_sellingprice_rating VALUES ('Creamy Parmesan Chicken - Broccoli and Tomatoes',7.85,9);
INSERT INTO fall22_s004_9_product_pname_sellingprice_rating VALUES ('"Ranch Chicken with Cheesy Broccoli ""Rice"" and RoastedMushrooms"',10.34,1);
INSERT INTO fall22_s004_9_product_pname_sellingprice_rating VALUES ('Tuscan Shrimp with creamy Kale and Zucchini-Pepper-Onion medley',18.93,5);
INSERT INTO fall22_s004_9_product_pname_sellingprice_rating VALUES ('Stuffed Pepper Casserole with Roasted Beans',14.98,6);
INSERT INTO fall22_s004_9_product_pname_sellingprice_rating VALUES ('"Almond Crusted Salmon with Red Pepper Cream, Green Beans and Feta Dressing"',13.6,8);
INSERT INTO fall22_s004_9_product_pname_sellingprice_rating VALUES ('Pesto Salmon with Creamed Spinach and Tomato Butter haricot Verts',11.75,6);
INSERT INTO fall22_s004_9_product_pname_sellingprice_rating VALUES ('Fiesta Grilled Chicken',12.45,9);
INSERT INTO fall22_s004_9_product_pname_sellingprice_rating VALUES ('Roasted Garlic Braised Chicken',10.75,4);
INSERT INTO fall22_s004_9_product_pname_sellingprice_rating VALUES ('Sour Cream and Chive Chicken',12.4,2);
INSERT INTO fall22_s004_9_product_pname_sellingprice_rating VALUES ('Shredded Chicken Taco Bowl',11.75,8);
INSERT INTO fall22_s004_9_product_pname_sellingprice_rating VALUES ('Smoked Tofu Almond Stir-Fry',12.45,4);
INSERT INTO fall22_s004_9_product_pname_sellingprice_rating VALUES ('Goat Cheese and Walnut Bolognese Fusilli',11.75,6);
INSERT INTO fall22_s004_9_product_pname_sellingprice_rating VALUES ('Peanut Buddha Bowl',9.95,8);
INSERT INTO fall22_s004_9_product_pname_sellingprice_rating VALUES ('Veg Green Chile Tostada Bake',10.75,2);
INSERT INTO fall22_s004_9_product_pname_sellingprice_rating VALUES ('Three Bean Vegan Chili',7.75,3);
INSERT INTO fall22_s004_9_product_pname_sellingprice_rating VALUES ('"Green Goddess (Cucumber, Apple, Celery)"',6.99,6);
INSERT INTO fall22_s004_9_product_pname_sellingprice_rating VALUES ('"Ginger zinger (Carrot, Lemon, Ginger)"',7.85,9);
INSERT INTO fall22_s004_9_product_pname_sellingprice_rating VALUES ('"Tropi-kale (Banana, Pineapple, Kale)"',8.75,1);
INSERT INTO fall22_s004_9_product_pname_sellingprice_rating VALUES ('"Antioxidant blast (Beet, Strawberry, Blueberry)"',7.5,5);
INSERT INTO fall22_s004_9_product_pname_sellingprice_rating VALUES ('"Immune booster (Orange, Lemon, Ginger)"',7.49,6);
INSERT INTO fall22_s004_9_product_pname_sellingprice_rating VALUES ('"Not-so-sour apple (Tart Apple, Kale)"',6.99,8);
INSERT INTO fall22_s004_9_product_pname_sellingprice_rating VALUES ('"Kale kickstart (Kale, Orange, Banana, Strawberry)"',6.65,6);
INSERT INTO fall22_s004_9_product_pname_sellingprice_rating VALUES ('"Cucumber cooler(Cucumber, Cantaloupe, Celery)"',7.25,9);
INSERT INTO fall22_s004_9_product_pname_sellingprice_rating VALUES ('"Beerota (Apple, Beet, Carrot)"',6.25,4);
INSERT INTO fall22_s004_9_product_pname_sellingprice_rating VALUES ('Kiwi Watermelon Lime',7.45,2);
INSERT INTO fall22_s004_9_product_pname_sellingprice_rating VALUES ('Milk',6.45,8);
INSERT INTO fall22_s004_9_product_pname_sellingprice_rating VALUES ('Butter',9.75,4);
INSERT INTO fall22_s004_9_product_pname_sellingprice_rating VALUES ('Cheese',3.45,6);
INSERT INTO fall22_s004_9_product_pname_sellingprice_rating VALUES ('Whole Milk',3.99,8);
INSERT INTO fall22_s004_9_product_pname_sellingprice_rating VALUES ('Organic Milk',3.75,2);
INSERT INTO fall22_s004_9_product_pname_sellingprice_rating VALUES ('Skimmed Milk',4.25,3);
INSERT INTO fall22_s004_9_product_pname_sellingprice_rating VALUES ('Full cream Milk',4.75,6);
INSERT INTO fall22_s004_9_product_pname_sellingprice_rating VALUES ('Flavored Milk',4.25,9);
INSERT INTO fall22_s004_9_product_pname_sellingprice_rating VALUES ('Lactose-Free Milk',5.25,1);
INSERT INTO fall22_s004_9_product_pname_sellingprice_rating VALUES ('Low fat Milk',3.99,5);
INSERT INTO fall22_s004_9_product_pname_sellingprice_rating VALUES ('2% Milk',3.75,6);
INSERT INTO fall22_s004_9_product_pname_sellingprice_rating VALUES ('Cream cheese',4.05,8);
INSERT INTO fall22_s004_9_product_pname_sellingprice_rating VALUES ('American Cheese',3.45,6);
INSERT INTO fall22_s004_9_product_pname_sellingprice_rating VALUES ('Asiago Cheese',3.75,9);
INSERT INTO fall22_s004_9_product_pname_sellingprice_rating VALUES ('Cheddar Cheese',3.95,4);
INSERT INTO fall22_s004_9_product_pname_sellingprice_rating VALUES ('Feta Cheese',4.29,2);
INSERT INTO fall22_s004_9_product_pname_sellingprice_rating VALUES ('Cottage Cheese',3.79,8);
INSERT INTO fall22_s004_9_product_pname_sellingprice_rating VALUES ('Gouda Cheese',3.99,4);
INSERT INTO fall22_s004_9_product_pname_sellingprice_rating VALUES ('Blue Cheese',3.85,6);
INSERT INTO fall22_s004_9_product_pname_sellingprice_rating VALUES ('Emmental',3.95,8);
INSERT INTO fall22_s004_9_product_pname_sellingprice_rating VALUES ('Pro Biotic Yogurt',3.69,2);
INSERT INTO fall22_s004_9_product_pname_sellingprice_rating VALUES ('Greek-style Yogurt',3.75,7);
INSERT INTO fall22_s004_9_product_pname_sellingprice_rating VALUES ('Swiss Yogurt',3.15,8);
INSERT INTO fall22_s004_9_product_pname_sellingprice_rating VALUES ('Frozen Yogurt',3.3,6);
INSERT INTO fall22_s004_9_product_pname_sellingprice_rating VALUES ('Lassi',3.39,3);
INSERT INTO fall22_s004_9_product_pname_sellingprice_rating VALUES ('Unsalted Butter',3.45,7);
INSERT INTO fall22_s004_9_product_pname_sellingprice_rating VALUES ('Salted Butter',3.29,3);
INSERT INTO fall22_s004_9_product_pname_sellingprice_rating VALUES ('Clarified Butter',2.99,6);
INSERT INTO fall22_s004_9_product_pname_sellingprice_rating VALUES ('Sweet Cream Butter',3.19,9);
INSERT INTO fall22_s004_9_product_pname_sellingprice_rating VALUES ('Plant-based Butter',4.25,1);
INSERT INTO fall22_s004_9_product_pname_sellingprice_rating VALUES ('Grass-Fed Butter',4.59,5);
INSERT INTO fall22_s004_9_product_pname_sellingprice_rating VALUES ('Jipangi',4.65,6);
INSERT INTO fall22_s004_9_product_pname_sellingprice_rating VALUES ('Soft Serve',4.85,8);
INSERT INTO fall22_s004_9_product_pname_sellingprice_rating VALUES ('Sorbet',3.95,6);
INSERT INTO fall22_s004_9_product_pname_sellingprice_rating VALUES ('kulfi',4.85,9);
INSERT INTO fall22_s004_9_product_pname_sellingprice_rating VALUES ('Ice popsicles',4.66,4);
INSERT INTO fall22_s004_9_product_pname_sellingprice_rating VALUES ('Boabing',5.85,7);
INSERT INTO fall22_s004_9_product_pname_sellingprice_rating VALUES ('Falooda',4.65,8);
INSERT INTO fall22_s004_9_product_pname_sellingprice_rating VALUES ('Choco chip cookie icecream',4.25,6);
INSERT INTO fall22_s004_9_product_pname_sellingprice_rating VALUES ('Chocolate Icecream',5.65,3);
INSERT INTO fall22_s004_9_product_pname_sellingprice_rating VALUES ('Original Yogurt',3.25,7);
INSERT INTO fall22_s004_9_product_pname_sellingprice_rating VALUES ('Tomatoes',3.59,3);
INSERT INTO fall22_s004_9_product_pname_sellingprice_rating VALUES ('Green Chillies',3.65,6);
INSERT INTO fall22_s004_9_product_pname_sellingprice_rating VALUES ('Cilantro',6.5,9);
INSERT INTO fall22_s004_9_product_pname_sellingprice_rating VALUES ('Corn',5.85,1);
INSERT INTO fall22_s004_9_product_pname_sellingprice_rating VALUES ('Mushroom',3.25,5);
INSERT INTO fall22_s004_9_product_pname_sellingprice_rating VALUES ('Broccoli',4.5,6);
INSERT INTO fall22_s004_9_product_pname_sellingprice_rating VALUES ('Cucumber',5.85,8);
INSERT INTO fall22_s004_9_product_pname_sellingprice_rating VALUES ('Red pepper/red bell pepper',6.75,6);
INSERT INTO fall22_s004_9_product_pname_sellingprice_rating VALUES ('Shredded Pineapple',4.65,9);
INSERT INTO fall22_s004_9_product_pname_sellingprice_rating VALUES ('Carrot',5.66,4);
INSERT INTO fall22_s004_9_product_pname_sellingprice_rating VALUES ('Brussels sprout',6.75,2);
INSERT INTO fall22_s004_9_product_pname_sellingprice_rating VALUES ('Pumpkin',6.66,8);
INSERT INTO fall22_s004_9_product_pname_sellingprice_rating VALUES ('Cabbage',6.95,4);
INSERT INTO fall22_s004_9_product_pname_sellingprice_rating VALUES ('Potato',7.75,6);
INSERT INTO fall22_s004_9_product_pname_sellingprice_rating VALUES ('Eggplant',6.75,8);
INSERT INTO fall22_s004_9_product_pname_sellingprice_rating VALUES ('Sweet potato',7.76,2);
INSERT INTO fall22_s004_9_product_pname_sellingprice_rating VALUES ('Turnip',8.87,3);
INSERT INTO fall22_s004_9_product_pname_sellingprice_rating VALUES ('zucchini',10.75,6);
INSERT INTO fall22_s004_9_product_pname_sellingprice_rating VALUES ('Onion',3.5,9);
INSERT INTO fall22_s004_9_product_pname_sellingprice_rating VALUES ('Lettuce',2.59,1);
INSERT INTO fall22_s004_9_product_pname_sellingprice_rating VALUES ('Radish',1.98,5);
INSERT INTO fall22_s004_9_product_pname_sellingprice_rating VALUES ('Peas',1.75,6);
INSERT INTO fall22_s004_9_product_pname_sellingprice_rating VALUES ('Asparagus',1.95,8);
INSERT INTO fall22_s004_9_product_pname_sellingprice_rating VALUES ('Celery',2.5,6);
INSERT INTO fall22_s004_9_product_pname_sellingprice_rating VALUES ('Green pepper',2.95,9);
INSERT INTO fall22_s004_9_product_pname_sellingprice_rating VALUES ('French beans',2.35,4);
INSERT INTO fall22_s004_9_product_pname_sellingprice_rating VALUES ('Spinach',1.56,2);
INSERT INTO fall22_s004_9_product_pname_sellingprice_rating VALUES ('beet',1.25,8);
INSERT INTO fall22_s004_9_product_pname_sellingprice_rating VALUES ('red chili peppers',1.75,4);
INSERT INTO fall22_s004_9_product_pname_sellingprice_rating VALUES ('Bean',1.45,6);
INSERT INTO fall22_s004_9_product_pname_sellingprice_rating VALUES ('Apple',0.98,8);
INSERT INTO fall22_s004_9_product_pname_sellingprice_rating VALUES ('Watermelon',1.56,2);
INSERT INTO fall22_s004_9_product_pname_sellingprice_rating VALUES ('Orange',10.75,3);
INSERT INTO fall22_s004_9_product_pname_sellingprice_rating VALUES ('Pear',12.56,6);
INSERT INTO fall22_s004_9_product_pname_sellingprice_rating VALUES ('Cherry',10.65,9);
INSERT INTO fall22_s004_9_product_pname_sellingprice_rating VALUES ('Strawberry',11.75,1);
INSERT INTO fall22_s004_9_product_pname_sellingprice_rating VALUES ('Nectarine',10.55,5);
INSERT INTO fall22_s004_9_product_pname_sellingprice_rating VALUES ('Red Grape Pulp',8.95,6);
INSERT INTO fall22_s004_9_product_pname_sellingprice_rating VALUES ('Mango',9.95,8);
INSERT INTO fall22_s004_9_product_pname_sellingprice_rating VALUES ('Blueberry',8.75,6);
INSERT INTO fall22_s004_9_product_pname_sellingprice_rating VALUES ('Pomegranate',8.85,9);
INSERT INTO fall22_s004_9_product_pname_sellingprice_rating VALUES ('starfruit',10.34,4);
INSERT INTO fall22_s004_9_product_pname_sellingprice_rating VALUES ('Plum',18.93,7);
INSERT INTO fall22_s004_9_product_pname_sellingprice_rating VALUES ('Banana',14.98,8);
INSERT INTO fall22_s004_9_product_pname_sellingprice_rating VALUES ('Raspberry',13.6,6);
INSERT INTO fall22_s004_9_product_pname_sellingprice_rating VALUES ('Mandarin',7.75,3);
INSERT INTO fall22_s004_9_product_pname_sellingprice_rating VALUES ('Jackfruit',8.95,7);
INSERT INTO fall22_s004_9_product_pname_sellingprice_rating VALUES ('Papaya',8.85,3);
INSERT INTO fall22_s004_9_product_pname_sellingprice_rating VALUES ('Kiwi',8.85,6);
INSERT INTO fall22_s004_9_product_pname_sellingprice_rating VALUES ('Pineapple',9.5,9);
INSERT INTO fall22_s004_9_product_pname_sellingprice_rating VALUES ('Lime Pulp',10.34,1);
INSERT INTO fall22_s004_9_product_pname_sellingprice_rating VALUES ('Lemonade',18.93,5);
INSERT INTO fall22_s004_9_product_pname_sellingprice_rating VALUES ('Apricot Pulp',14.98,6);
INSERT INTO fall22_s004_9_product_pname_sellingprice_rating VALUES ('Grapefruit',13.6,8);
INSERT INTO fall22_s004_9_product_pname_sellingprice_rating VALUES ('Sweet Melon',12.56,6);
INSERT INTO fall22_s004_9_product_pname_sellingprice_rating VALUES ('Coconut',11.95,9);
INSERT INTO fall22_s004_9_product_pname_sellingprice_rating VALUES ('Sliced Avocado',12.76,4);
INSERT INTO fall22_s004_9_product_pname_sellingprice_rating VALUES ('Peach Pulp',11.56,7);

--fall22_s004_9_ORDERS
INSERT INTO fall22_s004_9_orders VALUES ('ORD100','Delivery','Debit Card','C1001');
INSERT INTO fall22_s004_9_orders VALUES ('ORD101','Delivery','Debit Card','C1002');
INSERT INTO fall22_s004_9_orders VALUES ('ORD102','Delivery','Apple Pay','C1003');
INSERT INTO fall22_s004_9_orders VALUES ('ORD103','Delivery','Apple Pay','C1004');
INSERT INTO fall22_s004_9_orders VALUES ('ORD104','Delivery','Apple Pay','C1005');
INSERT INTO fall22_s004_9_orders VALUES ('ORD105','Delivery','Credit Card','C1006');
INSERT INTO fall22_s004_9_orders VALUES ('ORD106','Delivery','Credit Card','C1007');
INSERT INTO fall22_s004_9_orders VALUES ('ORD107','Delivery','Credit Card','C1008');
INSERT INTO fall22_s004_9_orders VALUES ('ORD108','Delivery','Credit Card','C1009');
INSERT INTO fall22_s004_9_orders VALUES ('ORD109','Delivery','Credit Card','C1010');
INSERT INTO fall22_s004_9_orders VALUES ('ORD110','Delivery','Credit Card','C1011');
INSERT INTO fall22_s004_9_orders VALUES ('ORD111','Delivery','Credit Card','C1012');
INSERT INTO fall22_s004_9_orders VALUES ('ORD112','Delivery','Credit Card','C1013');
INSERT INTO fall22_s004_9_orders VALUES ('ORD113','Delivery','Credit Card','C1014');
INSERT INTO fall22_s004_9_orders VALUES ('ORD114','Delivery','Debit Card','C1015');
INSERT INTO fall22_s004_9_orders VALUES ('ORD115','Delivery','Debit Card','C1016');
INSERT INTO fall22_s004_9_orders VALUES ('ORD116','Delivery','Apple Pay','C1017');
INSERT INTO fall22_s004_9_orders VALUES ('ORD117','Delivery','Apple Pay','C1018');
INSERT INTO fall22_s004_9_orders VALUES ('ORD118','Delivery','Debit Card','C1019');
INSERT INTO fall22_s004_9_orders VALUES ('ORD119','Delivery','Debit Card','C1020');
INSERT INTO fall22_s004_9_orders VALUES ('ORD120','Delivery','Apple Pay','C1021');
INSERT INTO fall22_s004_9_orders VALUES ('ORD121','Delivery','Apple Pay','C1022');
INSERT INTO fall22_s004_9_orders VALUES ('ORD122','Delivery','Apple Pay','C1023');
INSERT INTO fall22_s004_9_orders VALUES ('ORD123','Delivery','Credit Card','C1024');
INSERT INTO fall22_s004_9_orders VALUES ('ORD124','Pick up','Cash','C1025');
INSERT INTO fall22_s004_9_orders VALUES ('ORD125','Pick up','ApplePay','C1026');
INSERT INTO fall22_s004_9_orders VALUES ('ORD126','Pick up','Debit Card','C1027');
INSERT INTO fall22_s004_9_orders VALUES ('ORD127','Pick up','Credit Card','C1028');
INSERT INTO fall22_s004_9_orders VALUES ('ORD128','Pick up','Cash','C1029');
INSERT INTO fall22_s004_9_orders VALUES ('ORD129','Pick up','ApplePay','C1030');
INSERT INTO fall22_s004_9_orders VALUES ('ORD130','Pick up','Debit Card','C1031');
INSERT INTO fall22_s004_9_orders VALUES ('ORD131','Pick up','Credit Card','C1032');
INSERT INTO fall22_s004_9_orders VALUES ('ORD132','Pick up','Cash','C1033');
INSERT INTO fall22_s004_9_orders VALUES ('ORD133','Pick up','ApplePay','C1034');
INSERT INTO fall22_s004_9_orders VALUES ('ORD134','Pick up','Debit Card','C1035');
INSERT INTO fall22_s004_9_orders VALUES ('ORD135','Pick up','Credit Card','C1036');
INSERT INTO fall22_s004_9_orders VALUES ('ORD136','Pick up','Cash','C1037');
INSERT INTO fall22_s004_9_orders VALUES ('ORD137','Pick up','ApplePay','C1038');
INSERT INTO fall22_s004_9_orders VALUES ('ORD138','Pick up','Debit Card','C1039');
INSERT INTO fall22_s004_9_orders VALUES ('ORD139','Pick up','Cash','C1040');
INSERT INTO fall22_s004_9_orders VALUES ('ORD140','Pick up','ApplePay','C1041');
INSERT INTO fall22_s004_9_orders VALUES ('ORD141','Pick up','Debit Card','C1042');
INSERT INTO fall22_s004_9_orders VALUES ('ORD142','Pick up','Credit Card','C1043');
INSERT INTO fall22_s004_9_orders VALUES ('ORD143','Pick up','Cash','C1044');
INSERT INTO fall22_s004_9_orders VALUES ('ORD144','Pick up','ApplePay','C1045');
INSERT INTO fall22_s004_9_orders VALUES ('ORD145','Pick up','Cash','C1046');
INSERT INTO fall22_s004_9_orders VALUES ('ORD146','Pick up','ApplePay','C1047');
INSERT INTO fall22_s004_9_orders VALUES ('ORD147','Pick up','Debit Card','C1048');
INSERT INTO fall22_s004_9_orders VALUES ('ORD148','Pick up','Credit Card','C1049');
INSERT INTO fall22_s004_9_orders VALUES ('ORD149','Pick up','Cash','C1050');


--fall22_s004_9_product_order TABLE
INSERT INTO fall22_s004_9_product_order VALUES ('P1018','ORD100','1');
INSERT INTO fall22_s004_9_product_order VALUES ('P1048','ORD100','3');
INSERT INTO fall22_s004_9_product_order VALUES ('P1119','ORD100','1');
INSERT INTO fall22_s004_9_product_order VALUES ('P1041','ORD100','2');
INSERT INTO fall22_s004_9_product_order VALUES ('P1049','ORD100','1');
INSERT INTO fall22_s004_9_product_order VALUES ('P1069','ORD100','4');
INSERT INTO fall22_s004_9_product_order VALUES ('P1004','ORD101','3');
INSERT INTO fall22_s004_9_product_order VALUES ('P1009','ORD101','2');
INSERT INTO fall22_s004_9_product_order VALUES ('P1020','ORD101','1');
INSERT INTO fall22_s004_9_product_order VALUES ('P1023','ORD101','2');
INSERT INTO fall22_s004_9_product_order VALUES ('P1031','ORD101','3');
INSERT INTO fall22_s004_9_product_order VALUES ('P1035','ORD101','4');
INSERT INTO fall22_s004_9_product_order VALUES ('P1040','ORD102','3');
INSERT INTO fall22_s004_9_product_order VALUES ('P1048','ORD102','2');
INSERT INTO fall22_s004_9_product_order VALUES ('P1049','ORD102','3');
INSERT INTO fall22_s004_9_product_order VALUES ('P1050','ORD102','4');
INSERT INTO fall22_s004_9_product_order VALUES ('P1070','ORD102','3');
INSERT INTO fall22_s004_9_product_order VALUES ('P1073','ORD102','2');
INSERT INTO fall22_s004_9_product_order VALUES ('P1080','ORD103','1');
INSERT INTO fall22_s004_9_product_order VALUES ('P1088','ORD103','2');
INSERT INTO fall22_s004_9_product_order VALUES ('P1090','ORD103','1');
INSERT INTO fall22_s004_9_product_order VALUES ('P1120','ORD103','4');
INSERT INTO fall22_s004_9_product_order VALUES ('P1048','ORD103','2');
INSERT INTO fall22_s004_9_product_order VALUES ('P1049','ORD103','1');
INSERT INTO fall22_s004_9_product_order VALUES ('P1050','ORD104','2');
INSERT INTO fall22_s004_9_product_order VALUES ('P1059','ORD104','1');
INSERT INTO fall22_s004_9_product_order VALUES ('P1090','ORD104','1');
INSERT INTO fall22_s004_9_product_order VALUES ('P1095','ORD104','2');
INSERT INTO fall22_s004_9_product_order VALUES ('P1093','ORD104','3');
INSERT INTO fall22_s004_9_product_order VALUES ('P1096','ORD104','3');
INSERT INTO fall22_s004_9_product_order VALUES ('P1059','ORD105','1');
INSERT INTO fall22_s004_9_product_order VALUES ('P1089','ORD105','2');
INSERT INTO fall22_s004_9_product_order VALUES ('P1090','ORD105','2');
INSERT INTO fall22_s004_9_product_order VALUES ('P1091','ORD105','2');
INSERT INTO fall22_s004_9_product_order VALUES ('P1092','ORD105','1');
INSERT INTO fall22_s004_9_product_order VALUES ('P1093','ORD105','1');
INSERT INTO fall22_s004_9_product_order VALUES ('P1094','ORD106','2');
INSERT INTO fall22_s004_9_product_order VALUES ('P1095','ORD106','2');
INSERT INTO fall22_s004_9_product_order VALUES ('P1096','ORD106','2');
INSERT INTO fall22_s004_9_product_order VALUES ('P1097','ORD106','1');
INSERT INTO fall22_s004_9_product_order VALUES ('P1098','ORD106','1');
INSERT INTO fall22_s004_9_product_order VALUES ('P1099','ORD106','1');
INSERT INTO fall22_s004_9_product_order VALUES ('P1100','ORD107','1');
INSERT INTO fall22_s004_9_product_order VALUES ('P1101','ORD107','2');
INSERT INTO fall22_s004_9_product_order VALUES ('P1102','ORD107','2');
INSERT INTO fall22_s004_9_product_order VALUES ('P1139','ORD107','1');
INSERT INTO fall22_s004_9_product_order VALUES ('P1096','ORD107','2');
INSERT INTO fall22_s004_9_product_order VALUES ('P1086','ORD107','3');
INSERT INTO fall22_s004_9_product_order VALUES ('P1005','ORD108','4');
INSERT INTO fall22_s004_9_product_order VALUES ('P1011','ORD108','5');
INSERT INTO fall22_s004_9_product_order VALUES ('P1022','ORD108','6');
INSERT INTO fall22_s004_9_product_order VALUES ('P1036','ORD108','6');
INSERT INTO fall22_s004_9_product_order VALUES ('P1053','ORD108','4');
INSERT INTO fall22_s004_9_product_order VALUES ('P1061','ORD108','3');
INSERT INTO fall22_s004_9_product_order VALUES ('P1070','ORD109','12');
INSERT INTO fall22_s004_9_product_order VALUES ('P1075','ORD109','1');
INSERT INTO fall22_s004_9_product_order VALUES ('P1048','ORD109','3');
INSERT INTO fall22_s004_9_product_order VALUES ('P1116','ORD109','54');
INSERT INTO fall22_s004_9_product_order VALUES ('P1121','ORD109','6');
INSERT INTO fall22_s004_9_product_order VALUES ('P1100','ORD109','67');
INSERT INTO fall22_s004_9_product_order VALUES ('P1145','ORD110','5');
INSERT INTO fall22_s004_9_product_order VALUES ('P1118','ORD110','4');
INSERT INTO fall22_s004_9_product_order VALUES ('P1087','ORD110','3');
INSERT INTO fall22_s004_9_product_order VALUES ('P1078','ORD110','5');
INSERT INTO fall22_s004_9_product_order VALUES ('P1072','ORD110','6');
INSERT INTO fall22_s004_9_product_order VALUES ('P1067','ORD110','8');
INSERT INTO fall22_s004_9_product_order VALUES ('P1058','ORD111','8');
INSERT INTO fall22_s004_9_product_order VALUES ('P1047','ORD111','3');
INSERT INTO fall22_s004_9_product_order VALUES ('P1037','ORD111','1');
INSERT INTO fall22_s004_9_product_order VALUES ('P1032','ORD111','1');
INSERT INTO fall22_s004_9_product_order VALUES ('P1028','ORD111','2');
INSERT INTO fall22_s004_9_product_order VALUES ('P1022','ORD111','3');
INSERT INTO fall22_s004_9_product_order VALUES ('P1016','ORD112','1');
INSERT INTO fall22_s004_9_product_order VALUES ('P1144','ORD112','2');
INSERT INTO fall22_s004_9_product_order VALUES ('P1117','ORD112','32');
INSERT INTO fall22_s004_9_product_order VALUES ('P1086','ORD112','3');
INSERT INTO fall22_s004_9_product_order VALUES ('P1077','ORD112','4');
INSERT INTO fall22_s004_9_product_order VALUES ('P1071','ORD112','32');
INSERT INTO fall22_s004_9_product_order VALUES ('P1066','ORD113','2');
INSERT INTO fall22_s004_9_product_order VALUES ('P1057','ORD113','1');
INSERT INTO fall22_s004_9_product_order VALUES ('P1046','ORD113','2');
INSERT INTO fall22_s004_9_product_order VALUES ('P1036','ORD113','3');
INSERT INTO fall22_s004_9_product_order VALUES ('P1031','ORD113','3');
INSERT INTO fall22_s004_9_product_order VALUES ('P1027','ORD113','3');
INSERT INTO fall22_s004_9_product_order VALUES ('P1021','ORD114','4');
INSERT INTO fall22_s004_9_product_order VALUES ('P1015','ORD114','4');
INSERT INTO fall22_s004_9_product_order VALUES ('P1020','ORD114','3');
INSERT INTO fall22_s004_9_product_order VALUES ('P1026','ORD114','2');
INSERT INTO fall22_s004_9_product_order VALUES ('P1030','ORD114','1');
INSERT INTO fall22_s004_9_product_order VALUES ('P1035','ORD114','1');
INSERT INTO fall22_s004_9_product_order VALUES ('P1056','ORD115','2');
INSERT INTO fall22_s004_9_product_order VALUES ('P1065','ORD115','1');
INSERT INTO fall22_s004_9_product_order VALUES ('P1070','ORD115','2');
INSERT INTO fall22_s004_9_product_order VALUES ('P1076','ORD115','1');
INSERT INTO fall22_s004_9_product_order VALUES ('P1085','ORD115','2');
INSERT INTO fall22_s004_9_product_order VALUES ('P1116','ORD115','2');
INSERT INTO fall22_s004_9_product_order VALUES ('P1143','ORD116','3');
INSERT INTO fall22_s004_9_product_order VALUES ('P1142','ORD116','3');
INSERT INTO fall22_s004_9_product_order VALUES ('P1115','ORD116','34');
INSERT INTO fall22_s004_9_product_order VALUES ('P1084','ORD116','4');
INSERT INTO fall22_s004_9_product_order VALUES ('P1076','ORD116','4');
INSERT INTO fall22_s004_9_product_order VALUES ('P1070','ORD116','3');
INSERT INTO fall22_s004_9_product_order VALUES ('P1065','ORD117','2');
INSERT INTO fall22_s004_9_product_order VALUES ('P1056','ORD117','1');
INSERT INTO fall22_s004_9_product_order VALUES ('P1045','ORD117','1');
INSERT INTO fall22_s004_9_product_order VALUES ('P1035','ORD117','3');
INSERT INTO fall22_s004_9_product_order VALUES ('P1031','ORD117','34');
INSERT INTO fall22_s004_9_product_order VALUES ('P1026','ORD117','4');
INSERT INTO fall22_s004_9_product_order VALUES ('P1020','ORD118','5');
INSERT INTO fall22_s004_9_product_order VALUES ('P1013','ORD118','5');
INSERT INTO fall22_s004_9_product_order VALUES ('P1012','ORD118','3');
INSERT INTO fall22_s004_9_product_order VALUES ('P1019','ORD118','2');
INSERT INTO fall22_s004_9_product_order VALUES ('P1025','ORD118','12');
INSERT INTO fall22_s004_9_product_order VALUES ('P1031','ORD118','3');
INSERT INTO fall22_s004_9_product_order VALUES ('P1035','ORD119','4');
INSERT INTO fall22_s004_9_product_order VALUES ('P1040','ORD119','4');
INSERT INTO fall22_s004_9_product_order VALUES ('P1055','ORD119','4');
INSERT INTO fall22_s004_9_product_order VALUES ('P1064','ORD119','5');
INSERT INTO fall22_s004_9_product_order VALUES ('P1070','ORD119','5');
INSERT INTO fall22_s004_9_product_order VALUES ('P1076','ORD119','5');
INSERT INTO fall22_s004_9_product_order VALUES ('P1085','ORD120','1');
INSERT INTO fall22_s004_9_product_order VALUES ('P1115','ORD120','2');
INSERT INTO fall22_s004_9_product_order VALUES ('P1141','ORD120','1');
INSERT INTO fall22_s004_9_product_order VALUES ('P1114','ORD120','12');
INSERT INTO fall22_s004_9_product_order VALUES ('P1084','ORD120','21');
INSERT INTO fall22_s004_9_product_order VALUES ('P1075','ORD120','1');
INSERT INTO fall22_s004_9_product_order VALUES ('P1069','ORD121','2');
INSERT INTO fall22_s004_9_product_order VALUES ('P1064','ORD121','2');
INSERT INTO fall22_s004_9_product_order VALUES ('P1055','ORD121','2');
INSERT INTO fall22_s004_9_product_order VALUES ('P1044','ORD121','1');
INSERT INTO fall22_s004_9_product_order VALUES ('P1034','ORD121','1');
INSERT INTO fall22_s004_9_product_order VALUES ('P1030','ORD121','1');
INSERT INTO fall22_s004_9_product_order VALUES ('P1025','ORD122','1');
INSERT INTO fall22_s004_9_product_order VALUES ('P1019','ORD122','2');
INSERT INTO fall22_s004_9_product_order VALUES ('P1012','ORD122','2');
INSERT INTO fall22_s004_9_product_order VALUES ('P1001','ORD122','2');
INSERT INTO fall22_s004_9_product_order VALUES ('P1006','ORD122','3');
INSERT INTO fall22_s004_9_product_order VALUES ('P1017','ORD122','21');
INSERT INTO fall22_s004_9_product_order VALUES ('P1023','ORD123','8');
INSERT INTO fall22_s004_9_product_order VALUES ('P1029','ORD123','7');
INSERT INTO fall22_s004_9_product_order VALUES ('P1033','ORD123','6');
INSERT INTO fall22_s004_9_product_order VALUES ('P1038','ORD123','5');
INSERT INTO fall22_s004_9_product_order VALUES ('P1048','ORD123','4');
INSERT INTO fall22_s004_9_product_order VALUES ('P1050','ORD123','3');
INSERT INTO fall22_s004_9_product_order VALUES ('P1088','ORD124','2');
INSERT INTO fall22_s004_9_product_order VALUES ('P1049','ORD124','1');
INSERT INTO fall22_s004_9_product_order VALUES ('P1079','ORD124','2');
INSERT INTO fall22_s004_9_product_order VALUES ('P1089','ORD124','3');
INSERT INTO fall22_s004_9_product_order VALUES ('P1119','ORD124','4');
INSERT INTO fall22_s004_9_product_order VALUES ('P1002','ORD124','5');
INSERT INTO fall22_s004_9_product_order VALUES ('P1007','ORD125','7');
INSERT INTO fall22_s004_9_product_order VALUES ('P1018','ORD125','89');
INSERT INTO fall22_s004_9_product_order VALUES ('P1024','ORD125','9');
INSERT INTO fall22_s004_9_product_order VALUES ('P1030','ORD125','6');
INSERT INTO fall22_s004_9_product_order VALUES ('P1034','ORD125','45');
INSERT INTO fall22_s004_9_product_order VALUES ('P1039','ORD125','3');
INSERT INTO fall22_s004_9_product_order VALUES ('P1051','ORD126','2');
INSERT INTO fall22_s004_9_product_order VALUES ('P1059','ORD126','4');
INSERT INTO fall22_s004_9_product_order VALUES ('P1068','ORD126','5');
INSERT INTO fall22_s004_9_product_order VALUES ('P1073','ORD126','7');
INSERT INTO fall22_s004_9_product_order VALUES ('P1080','ORD126','9');
INSERT INTO fall22_s004_9_product_order VALUES ('P1090','ORD126','9');
INSERT INTO fall22_s004_9_product_order VALUES ('P1120','ORD127','6');
INSERT INTO fall22_s004_9_product_order VALUES ('P1003','ORD127','4');
INSERT INTO fall22_s004_9_product_order VALUES ('P1008','ORD127','3');
INSERT INTO fall22_s004_9_product_order VALUES ('P1019','ORD127','2');
INSERT INTO fall22_s004_9_product_order VALUES ('P1025','ORD127','2');
INSERT INTO fall22_s004_9_product_order VALUES ('P1031','ORD127','3');
INSERT INTO fall22_s004_9_product_order VALUES ('P1035','ORD128','45');
INSERT INTO fall22_s004_9_product_order VALUES ('P1040','ORD128','5');
INSERT INTO fall22_s004_9_product_order VALUES ('P1052','ORD128','6');
INSERT INTO fall22_s004_9_product_order VALUES ('P1060','ORD128','7');
INSERT INTO fall22_s004_9_product_order VALUES ('P1069','ORD128','7');
INSERT INTO fall22_s004_9_product_order VALUES ('P1074','ORD128','6');
INSERT INTO fall22_s004_9_product_order VALUES ('P1081','ORD129','6');
INSERT INTO fall22_s004_9_product_order VALUES ('P1091','ORD129','5');
INSERT INTO fall22_s004_9_product_order VALUES ('P1121','ORD129','4');
INSERT INTO fall22_s004_9_product_order VALUES ('P1004','ORD129','34');
INSERT INTO fall22_s004_9_product_order VALUES ('P1009','ORD129','32');
INSERT INTO fall22_s004_9_product_order VALUES ('P1020','ORD129','2');
INSERT INTO fall22_s004_9_product_order VALUES ('P1026','ORD130','2');
INSERT INTO fall22_s004_9_product_order VALUES ('P1032','ORD130','21');
INSERT INTO fall22_s004_9_product_order VALUES ('P1036','ORD130','2');
INSERT INTO fall22_s004_9_product_order VALUES ('P1041','ORD130','3');
INSERT INTO fall22_s004_9_product_order VALUES ('P1053','ORD130','4');
INSERT INTO fall22_s004_9_product_order VALUES ('P1061','ORD130','4');
INSERT INTO fall22_s004_9_product_order VALUES ('P1070','ORD131','5');
INSERT INTO fall22_s004_9_product_order VALUES ('P1075','ORD131','5');
INSERT INTO fall22_s004_9_product_order VALUES ('P1082','ORD131','4');
INSERT INTO fall22_s004_9_product_order VALUES ('P1092','ORD131','3');
INSERT INTO fall22_s004_9_product_order VALUES ('P1122','ORD131','2');
INSERT INTO fall22_s004_9_product_order VALUES ('P1005','ORD131','2');
INSERT INTO fall22_s004_9_product_order VALUES ('P1012','ORD132','1');
INSERT INTO fall22_s004_9_product_order VALUES ('P1021','ORD132','1');
INSERT INTO fall22_s004_9_product_order VALUES ('P1023','ORD132','1');
INSERT INTO fall22_s004_9_product_order VALUES ('P1031','ORD132','1');
INSERT INTO fall22_s004_9_product_order VALUES ('P1035','ORD132','1');
INSERT INTO fall22_s004_9_product_order VALUES ('P1041','ORD132','2');
INSERT INTO fall22_s004_9_product_order VALUES ('P1054','ORD133','33');
INSERT INTO fall22_s004_9_product_order VALUES ('P1062','ORD133','3');
INSERT INTO fall22_s004_9_product_order VALUES ('P1070','ORD133','3');
INSERT INTO fall22_s004_9_product_order VALUES ('P1075','ORD133','4');
INSERT INTO fall22_s004_9_product_order VALUES ('P1083','ORD133','4');
INSERT INTO fall22_s004_9_product_order VALUES ('P1100','ORD133','45');
INSERT INTO fall22_s004_9_product_order VALUES ('P1128','ORD134','5');
INSERT INTO fall22_s004_9_product_order VALUES ('P1001','ORD134','4');
INSERT INTO fall22_s004_9_product_order VALUES ('P1013','ORD134','3');
INSERT INTO fall22_s004_9_product_order VALUES ('P1022','ORD134','3');
INSERT INTO fall22_s004_9_product_order VALUES ('P1024','ORD134','23');
INSERT INTO fall22_s004_9_product_order VALUES ('P1032','ORD134','3');
INSERT INTO fall22_s004_9_product_order VALUES ('P1036','ORD135','4');
INSERT INTO fall22_s004_9_product_order VALUES ('P1042','ORD135','4');
INSERT INTO fall22_s004_9_product_order VALUES ('P1055','ORD135','5');
INSERT INTO fall22_s004_9_product_order VALUES ('P1063','ORD135','56');
INSERT INTO fall22_s004_9_product_order VALUES ('P1071','ORD135','55');
INSERT INTO fall22_s004_9_product_order VALUES ('P1076','ORD135','4');
INSERT INTO fall22_s004_9_product_order VALUES ('P1084','ORD136','33');
INSERT INTO fall22_s004_9_product_order VALUES ('P1101','ORD136','23');
INSERT INTO fall22_s004_9_product_order VALUES ('P1129','ORD136','2');
INSERT INTO fall22_s004_9_product_order VALUES ('P1006','ORD136','3');
INSERT INTO fall22_s004_9_product_order VALUES ('P1014','ORD136','34');
INSERT INTO fall22_s004_9_product_order VALUES ('P1018','ORD136','4');
INSERT INTO fall22_s004_9_product_order VALUES ('P1025','ORD137','54');
INSERT INTO fall22_s004_9_product_order VALUES ('P1029','ORD137','56');
INSERT INTO fall22_s004_9_product_order VALUES ('P1037','ORD137','7');
INSERT INTO fall22_s004_9_product_order VALUES ('P1043','ORD137','7');
INSERT INTO fall22_s004_9_product_order VALUES ('P1056','ORD137','6');
INSERT INTO fall22_s004_9_product_order VALUES ('P1064','ORD137','6');
INSERT INTO fall22_s004_9_product_order VALUES ('P1072','ORD138','5');
INSERT INTO fall22_s004_9_product_order VALUES ('P1077','ORD138','4');
INSERT INTO fall22_s004_9_product_order VALUES ('P1085','ORD138','4');
INSERT INTO fall22_s004_9_product_order VALUES ('P1102','ORD138','33');
INSERT INTO fall22_s004_9_product_order VALUES ('P1130','ORD138','2');
INSERT INTO fall22_s004_9_product_order VALUES ('P1001','ORD138','1');
INSERT INTO fall22_s004_9_product_order VALUES ('P1006','ORD139','1');
INSERT INTO fall22_s004_9_product_order VALUES ('P1017','ORD139','2');
INSERT INTO fall22_s004_9_product_order VALUES ('P1023','ORD139','2');
INSERT INTO fall22_s004_9_product_order VALUES ('P1029','ORD139','3');
INSERT INTO fall22_s004_9_product_order VALUES ('P1033','ORD139','3');
INSERT INTO fall22_s004_9_product_order VALUES ('P1038','ORD139','3');
INSERT INTO fall22_s004_9_product_order VALUES ('P1048','ORD140','3');
INSERT INTO fall22_s004_9_product_order VALUES ('P1050','ORD140','4');
INSERT INTO fall22_s004_9_product_order VALUES ('P1088','ORD140','4');
INSERT INTO fall22_s004_9_product_order VALUES ('P1049','ORD140','3');
INSERT INTO fall22_s004_9_product_order VALUES ('P1079','ORD140','3');
INSERT INTO fall22_s004_9_product_order VALUES ('P1100','ORD140','3');
INSERT INTO fall22_s004_9_product_order VALUES ('P1128','ORD141','2');
INSERT INTO fall22_s004_9_product_order VALUES ('P1002','ORD141','2');
INSERT INTO fall22_s004_9_product_order VALUES ('P1007','ORD141','3');
INSERT INTO fall22_s004_9_product_order VALUES ('P1018','ORD141','43');
INSERT INTO fall22_s004_9_product_order VALUES ('P1024','ORD141','4');
INSERT INTO fall22_s004_9_product_order VALUES ('P1030','ORD141','5');
INSERT INTO fall22_s004_9_product_order VALUES ('P1034','ORD142','5');
INSERT INTO fall22_s004_9_product_order VALUES ('P1039','ORD142','5');
INSERT INTO fall22_s004_9_product_order VALUES ('P1051','ORD142','2');
INSERT INTO fall22_s004_9_product_order VALUES ('P1059','ORD142','6');
INSERT INTO fall22_s004_9_product_order VALUES ('P1068','ORD142','7');
INSERT INTO fall22_s004_9_product_order VALUES ('P1073','ORD142','7');
INSERT INTO fall22_s004_9_product_order VALUES ('P1080','ORD143','8');
INSERT INTO fall22_s004_9_product_order VALUES ('P1101','ORD143','9');
INSERT INTO fall22_s004_9_product_order VALUES ('P1129','ORD143','9');
INSERT INTO fall22_s004_9_product_order VALUES ('P1003','ORD143','8');
INSERT INTO fall22_s004_9_product_order VALUES ('P1008','ORD143','7');
INSERT INTO fall22_s004_9_product_order VALUES ('P1019','ORD143','6');
INSERT INTO fall22_s004_9_product_order VALUES ('P1025','ORD144','7');
INSERT INTO fall22_s004_9_product_order VALUES ('P1031','ORD144','8');
INSERT INTO fall22_s004_9_product_order VALUES ('P1035','ORD144','9');
INSERT INTO fall22_s004_9_product_order VALUES ('P1040','ORD144','9');
INSERT INTO fall22_s004_9_product_order VALUES ('P1052','ORD144','0');
INSERT INTO fall22_s004_9_product_order VALUES ('P1060','ORD144','9');
INSERT INTO fall22_s004_9_product_order VALUES ('P1069','ORD145','7');
INSERT INTO fall22_s004_9_product_order VALUES ('P1074','ORD145','6');
INSERT INTO fall22_s004_9_product_order VALUES ('P1081','ORD145','5');
INSERT INTO fall22_s004_9_product_order VALUES ('P1102','ORD145','4');
INSERT INTO fall22_s004_9_product_order VALUES ('P1130','ORD145','3');
INSERT INTO fall22_s004_9_product_order VALUES ('P1004','ORD145','2');
INSERT INTO fall22_s004_9_product_order VALUES ('P1009','ORD146','2');
INSERT INTO fall22_s004_9_product_order VALUES ('P1020','ORD146','3');
INSERT INTO fall22_s004_9_product_order VALUES ('P1026','ORD146','4');
INSERT INTO fall22_s004_9_product_order VALUES ('P1032','ORD146','4');
INSERT INTO fall22_s004_9_product_order VALUES ('P1036','ORD146','4');
INSERT INTO fall22_s004_9_product_order VALUES ('P1041','ORD146','5');
INSERT INTO fall22_s004_9_product_order VALUES ('P1053','ORD147','5');
INSERT INTO fall22_s004_9_product_order VALUES ('P1061','ORD147','5');
INSERT INTO fall22_s004_9_product_order VALUES ('P1070','ORD147','4');
INSERT INTO fall22_s004_9_product_order VALUES ('P1075','ORD147','3');
INSERT INTO fall22_s004_9_product_order VALUES ('P1082','ORD147','2');
INSERT INTO fall22_s004_9_product_order VALUES ('P1103','ORD147','2');
INSERT INTO fall22_s004_9_product_order VALUES ('P1131','ORD148','12');
INSERT INTO fall22_s004_9_product_order VALUES ('P1005','ORD148','2');
INSERT INTO fall22_s004_9_product_order VALUES ('P1010','ORD148','31');
INSERT INTO fall22_s004_9_product_order VALUES ('P1021','ORD148','3');
INSERT INTO fall22_s004_9_product_order VALUES ('P1027','ORD148','4');
INSERT INTO fall22_s004_9_product_order VALUES ('P1048','ORD148','40');
INSERT INTO fall22_s004_9_product_order VALUES ('P1037','ORD149','5');
INSERT INTO fall22_s004_9_product_order VALUES ('P1042','ORD149','6');
INSERT INTO fall22_s004_9_product_order VALUES ('P1054','ORD149','6');
INSERT INTO fall22_s004_9_product_order VALUES ('P1062','ORD149','6');
INSERT INTO fall22_s004_9_product_order VALUES ('P1071','ORD149','5');
INSERT INTO fall22_s004_9_product_order VALUES ('P1076','ORD149','40');

--fall22_s004_9_sales table
INSERT INTO fall22_s004_9_sales VALUES ('S50001',6);
INSERT INTO fall22_s004_9_sales VALUES ('S50002',4);
INSERT INTO fall22_s004_9_sales VALUES ('S50003',7);
INSERT INTO fall22_s004_9_sales VALUES ('S50004',9);
INSERT INTO fall22_s004_9_sales VALUES ('S50005',13);
INSERT INTO fall22_s004_9_sales VALUES ('S50006',15);
INSERT INTO fall22_s004_9_sales VALUES ('S50007',6);
INSERT INTO fall22_s004_9_sales VALUES ('S50008',7);
INSERT INTO fall22_s004_9_sales VALUES ('S50009',10);
INSERT INTO fall22_s004_9_sales VALUES ('S50010',12);
INSERT INTO fall22_s004_9_sales VALUES ('S50011',15);
INSERT INTO fall22_s004_9_sales VALUES ('S50012',8);
INSERT INTO fall22_s004_9_sales VALUES ('S50013',10);
INSERT INTO fall22_s004_9_sales VALUES ('S50014',20);
INSERT INTO fall22_s004_9_sales VALUES ('S50015',12);
INSERT INTO fall22_s004_9_sales VALUES ('S50016',12);
INSERT INTO fall22_s004_9_sales VALUES ('S50017',10);
INSERT INTO fall22_s004_9_sales VALUES ('S50018',9);
INSERT INTO fall22_s004_9_sales VALUES ('S50019',5);
INSERT INTO fall22_s004_9_sales VALUES ('S50020',2);
INSERT INTO fall22_s004_9_sales VALUES ('S50021',15);
INSERT INTO fall22_s004_9_sales VALUES ('S50022',8);
INSERT INTO fall22_s004_9_sales VALUES ('S50023',6);
INSERT INTO fall22_s004_9_sales VALUES ('S50024',12);
INSERT INTO fall22_s004_9_sales VALUES ('S50025',10);
INSERT INTO fall22_s004_9_sales VALUES ('S50026',24);
INSERT INTO fall22_s004_9_sales VALUES ('S50027',22);
INSERT INTO fall22_s004_9_sales VALUES ('S50028',20);
INSERT INTO fall22_s004_9_sales VALUES ('S50029',30);
INSERT INTO fall22_s004_9_sales VALUES ('S50030',25);
INSERT INTO fall22_s004_9_sales VALUES ('S50031',22);
INSERT INTO fall22_s004_9_sales VALUES ('S50032',34);
INSERT INTO fall22_s004_9_sales VALUES ('S50033',30);
INSERT INTO fall22_s004_9_sales VALUES ('S50034',24);
INSERT INTO fall22_s004_9_sales VALUES ('S50035',25);
INSERT INTO fall22_s004_9_sales VALUES ('S50036',20);
INSERT INTO fall22_s004_9_sales VALUES ('S50037',31);
INSERT INTO fall22_s004_9_sales VALUES ('S50038',42);
INSERT INTO fall22_s004_9_sales VALUES ('S50039',35);
INSERT INTO fall22_s004_9_sales VALUES ('S50040',33);
INSERT INTO fall22_s004_9_sales VALUES ('S50041',25);
INSERT INTO fall22_s004_9_sales VALUES ('S50042',20);
INSERT INTO fall22_s004_9_sales VALUES ('S50043',7);
INSERT INTO fall22_s004_9_sales VALUES ('S50044',9);
INSERT INTO fall22_s004_9_sales VALUES ('S50045',11);
INSERT INTO fall22_s004_9_sales VALUES ('S50046',15);
INSERT INTO fall22_s004_9_sales VALUES ('S50047',14);
INSERT INTO fall22_s004_9_sales VALUES ('S50048',7);
INSERT INTO fall22_s004_9_sales VALUES ('S50049',32);
INSERT INTO fall22_s004_9_sales VALUES ('S50050',27);

--fall22_s004_9_order_details table
INSERT INTO fall22_s004_9_order_details VALUES ('DEL0001','Delivered','E002','ORD100');
INSERT INTO fall22_s004_9_order_details VALUES ('DEL0002','Delivered','E006','ORD101');
INSERT INTO fall22_s004_9_order_details VALUES ('DEL0003','Delivered','E008','ORD102');
INSERT INTO fall22_s004_9_order_details VALUES ('DEL0004','Delivered','E009','ORD103');
INSERT INTO fall22_s004_9_order_details VALUES ('DEL0005','Delivered','E010','ORD104');
INSERT INTO fall22_s004_9_order_details VALUES ('DEL0006','In_Progress','E011','ORD105');
INSERT INTO fall22_s004_9_order_details VALUES ('DEL0007','Delivered','E012','ORD106');
INSERT INTO fall22_s004_9_order_details VALUES ('DEL0008','Delivered','E013','ORD107');
INSERT INTO fall22_s004_9_order_details VALUES ('DEL0009','In_Progress','E014','ORD108');
INSERT INTO fall22_s004_9_order_details VALUES ('DEL0010','Delivered','E015','ORD109');
INSERT INTO fall22_s004_9_order_details VALUES ('DEL0011','Delivered','E048','ORD110');
INSERT INTO fall22_s004_9_order_details VALUES ('DEL0012','In_Progress','E017','ORD111');
INSERT INTO fall22_s004_9_order_details VALUES ('DEL0013','Delivered','E018','ORD112');
INSERT INTO fall22_s004_9_order_details VALUES ('DEL0014','Delivered','E038','ORD113');
INSERT INTO fall22_s004_9_order_details VALUES ('DEL0015','In_Progress','E020','ORD114');
INSERT INTO fall22_s004_9_order_details VALUES ('DEL0016','Delivered','E021','ORD115');
INSERT INTO fall22_s004_9_order_details VALUES ('DEL0017','Delivered','E022','ORD116');
INSERT INTO fall22_s004_9_order_details VALUES ('DEL0018','Delivered','E023','ORD117');
INSERT INTO fall22_s004_9_order_details VALUES ('DEL0019','In_Progress','E010','ORD118');
INSERT INTO fall22_s004_9_order_details VALUES ('DEL0020','Delivered','E025','ORD119');
INSERT INTO fall22_s004_9_order_details VALUES ('DEL0021','Delivered','E018','ORD120');
INSERT INTO fall22_s004_9_order_details VALUES ('DEL0022','In_Progress','E027','ORD121');
INSERT INTO fall22_s004_9_order_details VALUES ('DEL0023','Delivered','E013','ORD122');
INSERT INTO fall22_s004_9_order_details VALUES ('DEL0024','In_Progress','E029','ORD123');
INSERT INTO fall22_s004_9_order_details VALUES ('DEL0025','Delivered','E009','ORD124');
INSERT INTO fall22_s004_9_order_details VALUES ('DEL0026','Delivered','E010','ORD125');
INSERT INTO fall22_s004_9_order_details VALUES ('DEL0027','Delivered','E011','ORD126');
INSERT INTO fall22_s004_9_order_details VALUES ('DEL0028','Delivered','E012','ORD127');
INSERT INTO fall22_s004_9_order_details VALUES ('DEL0029','Delivered','E013','ORD128');
INSERT INTO fall22_s004_9_order_details VALUES ('DEL0030','In_Progress','E014','ORD129');
INSERT INTO fall22_s004_9_order_details VALUES ('DEL0031','Delivered','E015','ORD130');
INSERT INTO fall22_s004_9_order_details VALUES ('DEL0032','Delivered','E048','ORD131');
INSERT INTO fall22_s004_9_order_details VALUES ('DEL0033','In_Progress','E017','ORD132');
INSERT INTO fall22_s004_9_order_details VALUES ('DEL0034','Delivered','E018','ORD133');
INSERT INTO fall22_s004_9_order_details VALUES ('DEL0035','Delivered','E038','ORD134');
INSERT INTO fall22_s004_9_order_details VALUES ('DEL0036','In_Progress','E020','ORD135');
INSERT INTO fall22_s004_9_order_details VALUES ('DEL0037','Delivered','E021','ORD136');
INSERT INTO fall22_s004_9_order_details VALUES ('DEL0038','Delivered','E022','ORD137');
INSERT INTO fall22_s004_9_order_details VALUES ('DEL0039','In_Progress','E023','ORD138');
INSERT INTO fall22_s004_9_order_details VALUES ('DEL0040','Delivered','E010','ORD139');
INSERT INTO fall22_s004_9_order_details VALUES ('DEL0041','Delivered','E025','ORD140');
INSERT INTO fall22_s004_9_order_details VALUES ('DEL0042','Delivered','E018','ORD141');
INSERT INTO fall22_s004_9_order_details VALUES ('DEL0043','In_Progress','E027','ORD142');
INSERT INTO fall22_s004_9_order_details VALUES ('DEL0044','Delivered','E028','ORD143');
INSERT INTO fall22_s004_9_order_details VALUES ('DEL0045','Delivered','E029','ORD144');
INSERT INTO fall22_s004_9_order_details VALUES ('DEL0046','In_Progress','E030','ORD145');
INSERT INTO fall22_s004_9_order_details VALUES ('DEL0047','Delivered','E031','ORD146');
INSERT INTO fall22_s004_9_order_details VALUES ('DEL0048','In_Progress','E032','ORD147');
INSERT INTO fall22_s004_9_order_details VALUES ('DEL0049','Delivered','E033','ORD148');
INSERT INTO fall22_s004_9_order_details VALUES ('DEL0050','In_Progress','E034','ORD149');

--fall22_s004_9_order_places_date table
INSERT INTO fall22_s004_9_order_places_date VALUES ('ORD100','26-JAN-2021');
INSERT INTO fall22_s004_9_order_places_date VALUES ('ORD101','27-JAN-2021');
INSERT INTO fall22_s004_9_order_places_date VALUES ('ORD102','28-JAN-2021');
INSERT INTO fall22_s004_9_order_places_date VALUES ('ORD103','29-JAN-2021');
INSERT INTO fall22_s004_9_order_places_date VALUES ('ORD104','30-JAN-2021');
INSERT INTO fall22_s004_9_order_places_date VALUES ('ORD105','31-JAN-2021');
INSERT INTO fall22_s004_9_order_places_date VALUES ('ORD106','01-FEB-2021');
INSERT INTO fall22_s004_9_order_places_date VALUES ('ORD107','02-FEB-2021');
INSERT INTO fall22_s004_9_order_places_date VALUES ('ORD108','03-FEB-2021');
INSERT INTO fall22_s004_9_order_places_date VALUES ('ORD109','04-FEB-2021');
INSERT INTO fall22_s004_9_order_places_date VALUES ('ORD110','05-FEB-2021');
INSERT INTO fall22_s004_9_order_places_date VALUES ('ORD111','06-FEB-2021');
INSERT INTO fall22_s004_9_order_places_date VALUES ('ORD112','07-FEB-2021');
INSERT INTO fall22_s004_9_order_places_date VALUES ('ORD113','08-FEB-2021');
INSERT INTO fall22_s004_9_order_places_date VALUES ('ORD114','09-FEB-2021');
INSERT INTO fall22_s004_9_order_places_date VALUES ('ORD115','10-FEB-2021');
INSERT INTO fall22_s004_9_order_places_date VALUES ('ORD116','11-FEB-2021');
INSERT INTO fall22_s004_9_order_places_date VALUES ('ORD117','12-FEB-2021');
INSERT INTO fall22_s004_9_order_places_date VALUES ('ORD118','13-FEB-2021');
INSERT INTO fall22_s004_9_order_places_date VALUES ('ORD119','14-FEB-2021');
INSERT INTO fall22_s004_9_order_places_date VALUES ('ORD120','15-FEB-2021');
INSERT INTO fall22_s004_9_order_places_date VALUES ('ORD121','16-FEB-2021');
INSERT INTO fall22_s004_9_order_places_date VALUES ('ORD122','17-FEB-2021');
INSERT INTO fall22_s004_9_order_places_date VALUES ('ORD123','18-FEB-2021');
INSERT INTO fall22_s004_9_order_places_date VALUES ('ORD124','19-FEB-2021');
INSERT INTO fall22_s004_9_order_places_date VALUES ('ORD125','20-FEB-2021');
INSERT INTO fall22_s004_9_order_places_date VALUES ('ORD126','21-FEB-2021');
INSERT INTO fall22_s004_9_order_places_date VALUES ('ORD127','22-FEB-2021');
INSERT INTO fall22_s004_9_order_places_date VALUES ('ORD128','23-FEB-2021');
INSERT INTO fall22_s004_9_order_places_date VALUES ('ORD129','24-FEB-2021');
INSERT INTO fall22_s004_9_order_places_date VALUES ('ORD130','25-FEB-2021');
INSERT INTO fall22_s004_9_order_places_date VALUES ('ORD131','26-FEB-2021');
INSERT INTO fall22_s004_9_order_places_date VALUES ('ORD132','27-FEB-2021');
INSERT INTO fall22_s004_9_order_places_date VALUES ('ORD133','28-FEB-2021');
INSERT INTO fall22_s004_9_order_places_date VALUES ('ORD134','01-MARCH-2021');
INSERT INTO fall22_s004_9_order_places_date VALUES ('ORD135','02-MARCH-2021');
INSERT INTO fall22_s004_9_order_places_date VALUES ('ORD136','03-MARCH-2021');
INSERT INTO fall22_s004_9_order_places_date VALUES ('ORD137','04-MARCH-2021');
INSERT INTO fall22_s004_9_order_places_date VALUES ('ORD138','05-MARCH-2021');
INSERT INTO fall22_s004_9_order_places_date VALUES ('ORD139','06-MARCH-2021');
INSERT INTO fall22_s004_9_order_places_date VALUES ('ORD140','07-MARCH-2021');
INSERT INTO fall22_s004_9_order_places_date VALUES ('ORD141','08-MARCH-2021');
INSERT INTO fall22_s004_9_order_places_date VALUES ('ORD142','09-MARCH-2021');
INSERT INTO fall22_s004_9_order_places_date VALUES ('ORD143','10-MARCH-2021');
INSERT INTO fall22_s004_9_order_places_date VALUES ('ORD144','11-MARCH-2021');
INSERT INTO fall22_s004_9_order_places_date VALUES ('ORD145','12-MARCH-2021');
INSERT INTO fall22_s004_9_order_places_date VALUES ('ORD146','13-MARCH-2021');
INSERT INTO fall22_s004_9_order_places_date VALUES ('ORD147','14-MARCH-2021');
INSERT INTO fall22_s004_9_order_places_date VALUES ('ORD148','15-MARCH-2021');
INSERT INTO fall22_s004_9_order_places_date VALUES ('ORD149','16-MARCH-2021');

--fall22_s004_9_sales_order table
INSERT INTO fall22_s004_9_sales_order VALUES ('S50001','ORD100','26-JAN-2021','Tuesday');
INSERT INTO fall22_s004_9_sales_order VALUES ('S50002','ORD101','27-JAN-2021','Wednesday');
INSERT INTO fall22_s004_9_sales_order VALUES ('S50003','ORD102','28-JAN-2021','Thursday');
INSERT INTO fall22_s004_9_sales_order VALUES ('S50004','ORD103','29-JAN-2021','Friday');
INSERT INTO fall22_s004_9_sales_order VALUES ('S50005','ORD104','30-JAN-2021','Saturday');
INSERT INTO fall22_s004_9_sales_order VALUES ('S50006','ORD105','31-JAN-2021','Sunday');
INSERT INTO fall22_s004_9_sales_order VALUES ('S50007','ORD106','30-JAN-2021','Saturday');
INSERT INTO fall22_s004_9_sales_order VALUES ('S50008','ORD107','31-JAN-2021','Sunday');
INSERT INTO fall22_s004_9_sales_order VALUES ('S50009','ORD108','01-FEB-2021','Monday');
INSERT INTO fall22_s004_9_sales_order VALUES ('S50010','ORD109','02-FEB-2021','Tuesday');
INSERT INTO fall22_s004_9_sales_order VALUES ('S50011','ORD110','01-FEB-2021','Monday');
INSERT INTO fall22_s004_9_sales_order VALUES ('S50012','ORD111','02-FEB-2021','Tuesday');
INSERT INTO fall22_s004_9_sales_order VALUES ('S50013','ORD112','03-FEB-2021','Wednesday');
INSERT INTO fall22_s004_9_sales_order VALUES ('S50014','ORD113','04-FEB-2021','Thursday');
INSERT INTO fall22_s004_9_sales_order VALUES ('S50015','ORD114','05-FEB-2021','Friday');
INSERT INTO fall22_s004_9_sales_order VALUES ('S50016','ORD115','06-FEB-2021','Saturday');
INSERT INTO fall22_s004_9_sales_order VALUES ('S50017','ORD116','07-FEB-2021','Sunday');
INSERT INTO fall22_s004_9_sales_order VALUES ('S50018','ORD117','08-FEB-2021','Monday');
INSERT INTO fall22_s004_9_sales_order VALUES ('S50019','ORD118','09-FEB-2021','Tuesday');
INSERT INTO fall22_s004_9_sales_order VALUES ('S50020','ORD119','10-FEB-2021','Wednesday');
INSERT INTO fall22_s004_9_sales_order VALUES ('S50021','ORD120','11-FEB-2021','Thursday');
INSERT INTO fall22_s004_9_sales_order VALUES ('S50022','ORD121','12-FEB-2021','Friday');
INSERT INTO fall22_s004_9_sales_order VALUES ('S50023','ORD122','13-FEB-2021','Saturday');
INSERT INTO fall22_s004_9_sales_order VALUES ('S50024','ORD123','14-FEB-2021','Sunday');
INSERT INTO fall22_s004_9_sales_order VALUES ('S50025','ORD124','15-FEB-2021','Monday');
INSERT INTO fall22_s004_9_sales_order VALUES ('S50026','ORD125','16-FEB-2021','Tuesday');
INSERT INTO fall22_s004_9_sales_order VALUES ('S50027','ORD126','17-FEB-2021','Wednesday');
INSERT INTO fall22_s004_9_sales_order VALUES ('S50028','ORD127','18-FEB-2021','Thursday');
INSERT INTO fall22_s004_9_sales_order VALUES ('S50029','ORD128','19-FEB-2021','Friday');
INSERT INTO fall22_s004_9_sales_order VALUES ('S50030','ORD129','20-FEB-2021','Saturday');
INSERT INTO fall22_s004_9_sales_order VALUES ('S50031','ORD130','21-FEB-2021','Sunday');
INSERT INTO fall22_s004_9_sales_order VALUES ('S50032','ORD131','22-FEB-2021','Monday');
INSERT INTO fall22_s004_9_sales_order VALUES ('S50033','ORD132','23-FEB-2021','Tuesday');
INSERT INTO fall22_s004_9_sales_order VALUES ('S50034','ORD133','24-FEB-2021','Wednesday');
INSERT INTO fall22_s004_9_sales_order VALUES ('S50035','ORD134','25-FEB-2021','Thursday');
INSERT INTO fall22_s004_9_sales_order VALUES ('S50036','ORD135','26-FEB-2021','Friday');
INSERT INTO fall22_s004_9_sales_order VALUES ('S50037','ORD136','27-FEB-2021','Saturday');
INSERT INTO fall22_s004_9_sales_order VALUES ('S50038','ORD137','28-FEB-2021','Sunday');
INSERT INTO fall22_s004_9_sales_order VALUES ('S50039','ORD138','01-MARCH-2021','Monday');
INSERT INTO fall22_s004_9_sales_order VALUES ('S50040','ORD139','02-MARCH-2021','Tuesday');
INSERT INTO fall22_s004_9_sales_order VALUES ('S50041','ORD140','03-MARCH-2021','Wednesday');
INSERT INTO fall22_s004_9_sales_order VALUES ('S50042','ORD141','04-MARCH-2021','Thursday');
INSERT INTO fall22_s004_9_sales_order VALUES ('S50043','ORD142','05-MARCH-2021','Friday');
INSERT INTO fall22_s004_9_sales_order VALUES ('S50044','ORD143','06-MARCH-2021','Saturday');
INSERT INTO fall22_s004_9_sales_order VALUES ('S50045','ORD144','07-MARCH-2021','Sunday');
INSERT INTO fall22_s004_9_sales_order VALUES ('S50046','ORD145','08-MARCH-2021','Monday');
INSERT INTO fall22_s004_9_sales_order VALUES ('S50047','ORD146','09-MARCH-2021','Tuesday');
INSERT INTO fall22_s004_9_sales_order VALUES ('S50048','ORD147','10-MARCH-2021','Wednesday');
INSERT INTO fall22_s004_9_sales_order VALUES ('S50049','ORD148','11-MARCH-2021','Thursday');
INSERT INTO fall22_s004_9_sales_order VALUES ('S50050','ORD149','12-MARCH-2021','Friday');

--fall22_s004_9_product_sales table 
INSERT INTO fall22_s004_9_product_sales VALUES ('S50006','P1072');
INSERT INTO fall22_s004_9_product_sales VALUES ('S50006','P1071');
INSERT INTO fall22_s004_9_product_sales VALUES ('S50005','P1070');
INSERT INTO fall22_s004_9_product_sales VALUES ('S50005','P1069');
INSERT INTO fall22_s004_9_product_sales VALUES ('S50004','P1068');
INSERT INTO fall22_s004_9_product_sales VALUES ('S50004','P1067');
INSERT INTO fall22_s004_9_product_sales VALUES ('S50003','P1066');
INSERT INTO fall22_s004_9_product_sales VALUES ('S50003','P1065');
INSERT INTO fall22_s004_9_product_sales VALUES ('S50002','P1064');
INSERT INTO fall22_s004_9_product_sales VALUES ('S50002','P1063');
INSERT INTO fall22_s004_9_product_sales VALUES ('S50001','P1062');
INSERT INTO fall22_s004_9_product_sales VALUES ('S50001','P1061');
INSERT INTO fall22_s004_9_product_sales VALUES ('S50047','P1060');
INSERT INTO fall22_s004_9_product_sales VALUES ('S50047','P1059');
INSERT INTO fall22_s004_9_product_sales VALUES ('S50046','P1058');
INSERT INTO fall22_s004_9_product_sales VALUES ('S50046','P1057');
INSERT INTO fall22_s004_9_product_sales VALUES ('S50045','P1056');
INSERT INTO fall22_s004_9_product_sales VALUES ('S50045','P1055');
INSERT INTO fall22_s004_9_product_sales VALUES ('S50044','P1054');
INSERT INTO fall22_s004_9_product_sales VALUES ('S50044','P1053');
INSERT INTO fall22_s004_9_product_sales VALUES ('S50029','P1052');
INSERT INTO fall22_s004_9_product_sales VALUES ('S50028','P1051');
INSERT INTO fall22_s004_9_product_sales VALUES ('S50050','P1050');
INSERT INTO fall22_s004_9_product_sales VALUES ('S50050','P1122');
INSERT INTO fall22_s004_9_product_sales VALUES ('S50049','P1049');
INSERT INTO fall22_s004_9_product_sales VALUES ('S50049','P1121');
INSERT INTO fall22_s004_9_product_sales VALUES ('S50048','P1048');
INSERT INTO fall22_s004_9_product_sales VALUES ('S50048','P1120');
INSERT INTO fall22_s004_9_product_sales VALUES ('S50047','P1047');
INSERT INTO fall22_s004_9_product_sales VALUES ('S50047','P1119');
INSERT INTO fall22_s004_9_product_sales VALUES ('S50046','P1046');
INSERT INTO fall22_s004_9_product_sales VALUES ('S50046','P1118');
INSERT INTO fall22_s004_9_product_sales VALUES ('S50045','P1045');
INSERT INTO fall22_s004_9_product_sales VALUES ('S50045','P1117');
INSERT INTO fall22_s004_9_product_sales VALUES ('S50044','P1044');
INSERT INTO fall22_s004_9_product_sales VALUES ('S50044','P1116');
INSERT INTO fall22_s004_9_product_sales VALUES ('S50043','P1043');
INSERT INTO fall22_s004_9_product_sales VALUES ('S50043','P1115');
INSERT INTO fall22_s004_9_product_sales VALUES ('S50042','P1042');
INSERT INTO fall22_s004_9_product_sales VALUES ('S50042','P1114');
INSERT INTO fall22_s004_9_product_sales VALUES ('S50041','P1041');
INSERT INTO fall22_s004_9_product_sales VALUES ('S50041','P1113');
INSERT INTO fall22_s004_9_product_sales VALUES ('S50040','P1040');
INSERT INTO fall22_s004_9_product_sales VALUES ('S50040','P1112');
INSERT INTO fall22_s004_9_product_sales VALUES ('S50039','P1039');
INSERT INTO fall22_s004_9_product_sales VALUES ('S50039','P1111');
INSERT INTO fall22_s004_9_product_sales VALUES ('S50038','P1038');
INSERT INTO fall22_s004_9_product_sales VALUES ('S50038','P1110');
INSERT INTO fall22_s004_9_product_sales VALUES ('S50037','P1037');
INSERT INTO fall22_s004_9_product_sales VALUES ('S50037','P1109');
INSERT INTO fall22_s004_9_product_sales VALUES ('S50036','P1036');
INSERT INTO fall22_s004_9_product_sales VALUES ('S50036','P1108');
INSERT INTO fall22_s004_9_product_sales VALUES ('S50035','P1035');
INSERT INTO fall22_s004_9_product_sales VALUES ('S50035','P1107');
INSERT INTO fall22_s004_9_product_sales VALUES ('S50034','P1034');
INSERT INTO fall22_s004_9_product_sales VALUES ('S50034','P1106');
INSERT INTO fall22_s004_9_product_sales VALUES ('S50033','P1033');
INSERT INTO fall22_s004_9_product_sales VALUES ('S50033','P1105');
INSERT INTO fall22_s004_9_product_sales VALUES ('S50032','P1032');
INSERT INTO fall22_s004_9_product_sales VALUES ('S50032','P1104');
INSERT INTO fall22_s004_9_product_sales VALUES ('S50031','P1031');
INSERT INTO fall22_s004_9_product_sales VALUES ('S50031','P1103');
INSERT INTO fall22_s004_9_product_sales VALUES ('S50030','P1030');
INSERT INTO fall22_s004_9_product_sales VALUES ('S50030','P1102');
INSERT INTO fall22_s004_9_product_sales VALUES ('S50029','P1029');
INSERT INTO fall22_s004_9_product_sales VALUES ('S50029','P1101');
INSERT INTO fall22_s004_9_product_sales VALUES ('S50028','P1028');
INSERT INTO fall22_s004_9_product_sales VALUES ('S50028','P1100');
INSERT INTO fall22_s004_9_product_sales VALUES ('S50027','P1027');
INSERT INTO fall22_s004_9_product_sales VALUES ('S50027','P1099');
INSERT INTO fall22_s004_9_product_sales VALUES ('S50026','P1026');
INSERT INTO fall22_s004_9_product_sales VALUES ('S50026','P1098');
INSERT INTO fall22_s004_9_product_sales VALUES ('S50025','P1025');
INSERT INTO fall22_s004_9_product_sales VALUES ('S50025','P1097');
INSERT INTO fall22_s004_9_product_sales VALUES ('S50024','P1024');
INSERT INTO fall22_s004_9_product_sales VALUES ('S50024','P1096');
INSERT INTO fall22_s004_9_product_sales VALUES ('S50023','P1023');
INSERT INTO fall22_s004_9_product_sales VALUES ('S50023','P1095');
INSERT INTO fall22_s004_9_product_sales VALUES ('S50022','P1022');
INSERT INTO fall22_s004_9_product_sales VALUES ('S50022','P1094');
INSERT INTO fall22_s004_9_product_sales VALUES ('S50021','P1021');
INSERT INTO fall22_s004_9_product_sales VALUES ('S50021','P1093');
INSERT INTO fall22_s004_9_product_sales VALUES ('S50020','P1020');
INSERT INTO fall22_s004_9_product_sales VALUES ('S50020','P1092');
INSERT INTO fall22_s004_9_product_sales VALUES ('S50019','P1019');
INSERT INTO fall22_s004_9_product_sales VALUES ('S50019','P1091');
INSERT INTO fall22_s004_9_product_sales VALUES ('S50018','P1018');
INSERT INTO fall22_s004_9_product_sales VALUES ('S50018','P1090');
INSERT INTO fall22_s004_9_product_sales VALUES ('S50017','P1017');
INSERT INTO fall22_s004_9_product_sales VALUES ('S50017','P1089');
INSERT INTO fall22_s004_9_product_sales VALUES ('S50016','P1016');
INSERT INTO fall22_s004_9_product_sales VALUES ('S50016','P1088');
INSERT INTO fall22_s004_9_product_sales VALUES ('S50015','P1015');
INSERT INTO fall22_s004_9_product_sales VALUES ('S50015','P1087');
INSERT INTO fall22_s004_9_product_sales VALUES ('S50014','P1014');
INSERT INTO fall22_s004_9_product_sales VALUES ('S50014','P1086');
INSERT INTO fall22_s004_9_product_sales VALUES ('S50013','P1013');
INSERT INTO fall22_s004_9_product_sales VALUES ('S50013','P1085');
INSERT INTO fall22_s004_9_product_sales VALUES ('S50012','P1012');
INSERT INTO fall22_s004_9_product_sales VALUES ('S50012','P1084');
INSERT INTO fall22_s004_9_product_sales VALUES ('S50011','P1011');
INSERT INTO fall22_s004_9_product_sales VALUES ('S50011','P1083');
INSERT INTO fall22_s004_9_product_sales VALUES ('S50010','P1010');
INSERT INTO fall22_s004_9_product_sales VALUES ('S50010','P1082');
INSERT INTO fall22_s004_9_product_sales VALUES ('S50009','P1009');
INSERT INTO fall22_s004_9_product_sales VALUES ('S50009','P1081');
INSERT INTO fall22_s004_9_product_sales VALUES ('S50008','P1008');
INSERT INTO fall22_s004_9_product_sales VALUES ('S50008','P1080');
INSERT INTO fall22_s004_9_product_sales VALUES ('S50007','P1007');
INSERT INTO fall22_s004_9_product_sales VALUES ('S50007','P1079');
INSERT INTO fall22_s004_9_product_sales VALUES ('S50006','P1006');
INSERT INTO fall22_s004_9_product_sales VALUES ('S50006','P1078');
INSERT INTO fall22_s004_9_product_sales VALUES ('S50005','P1005');
INSERT INTO fall22_s004_9_product_sales VALUES ('S50005','P1077');
INSERT INTO fall22_s004_9_product_sales VALUES ('S50004','P1004');
INSERT INTO fall22_s004_9_product_sales VALUES ('S50004','P1076');
INSERT INTO fall22_s004_9_product_sales VALUES ('S50003','P1003');
INSERT INTO fall22_s004_9_product_sales VALUES ('S50003','P1075');
INSERT INTO fall22_s004_9_product_sales VALUES ('S50002','P1002');
INSERT INTO fall22_s004_9_product_sales VALUES ('S50002','P1074');
INSERT INTO fall22_s004_9_product_sales VALUES ('S50001','P1001');
INSERT INTO fall22_s004_9_product_sales VALUES ('S50001','P1073');

--fall22_s004_9_order_places_quantity table
INSERT INTO fall22_s004_9_order_places_quantity VALUES ('ORD100',2);
INSERT INTO fall22_s004_9_order_places_quantity VALUES ('ORD101',3);
INSERT INTO fall22_s004_9_order_places_quantity VALUES ('ORD102',3);
INSERT INTO fall22_s004_9_order_places_quantity VALUES ('ORD103',4);
INSERT INTO fall22_s004_9_order_places_quantity VALUES ('ORD104',6);
INSERT INTO fall22_s004_9_order_places_quantity VALUES ('ORD105',4);
INSERT INTO fall22_s004_9_order_places_quantity VALUES ('ORD106',3);
INSERT INTO fall22_s004_9_order_places_quantity VALUES ('ORD107',1);
INSERT INTO fall22_s004_9_order_places_quantity VALUES ('ORD108',5);
INSERT INTO fall22_s004_9_order_places_quantity VALUES ('ORD109',3);
INSERT INTO fall22_s004_9_order_places_quantity VALUES ('ORD110',2);
INSERT INTO fall22_s004_9_order_places_quantity VALUES ('ORD111',2);
INSERT INTO fall22_s004_9_order_places_quantity VALUES ('ORD112',6);
INSERT INTO fall22_s004_9_order_places_quantity VALUES ('ORD113',8);
INSERT INTO fall22_s004_9_order_places_quantity VALUES ('ORD114',2);
INSERT INTO fall22_s004_9_order_places_quantity VALUES ('ORD115',6);
INSERT INTO fall22_s004_9_order_places_quantity VALUES ('ORD116',7);
INSERT INTO fall22_s004_9_order_places_quantity VALUES ('ORD117',4);
INSERT INTO fall22_s004_9_order_places_quantity VALUES ('ORD118',4);
INSERT INTO fall22_s004_9_order_places_quantity VALUES ('ORD119',5);
INSERT INTO fall22_s004_9_order_places_quantity VALUES ('ORD120',2);
INSERT INTO fall22_s004_9_order_places_quantity VALUES ('ORD121',4);
INSERT INTO fall22_s004_9_order_places_quantity VALUES ('ORD122',2);
INSERT INTO fall22_s004_9_order_places_quantity VALUES ('ORD123',3);
INSERT INTO fall22_s004_9_order_places_quantity VALUES ('ORD124',5);
INSERT INTO fall22_s004_9_order_places_quantity VALUES ('ORD125',4);
INSERT INTO fall22_s004_9_order_places_quantity VALUES ('ORD126',3);
INSERT INTO fall22_s004_9_order_places_quantity VALUES ('ORD127',3);
INSERT INTO fall22_s004_9_order_places_quantity VALUES ('ORD128',1);
INSERT INTO fall22_s004_9_order_places_quantity VALUES ('ORD129',1);
INSERT INTO fall22_s004_9_order_places_quantity VALUES ('ORD130',2);
INSERT INTO fall22_s004_9_order_places_quantity VALUES ('ORD131',3);
INSERT INTO fall22_s004_9_order_places_quantity VALUES ('ORD132',2);
INSERT INTO fall22_s004_9_order_places_quantity VALUES ('ORD133',4);
INSERT INTO fall22_s004_9_order_places_quantity VALUES ('ORD134',3);
INSERT INTO fall22_s004_9_order_places_quantity VALUES ('ORD135',3);
INSERT INTO fall22_s004_9_order_places_quantity VALUES ('ORD136',1);
INSERT INTO fall22_s004_9_order_places_quantity VALUES ('ORD137',5);
INSERT INTO fall22_s004_9_order_places_quantity VALUES ('ORD138',4);
INSERT INTO fall22_s004_9_order_places_quantity VALUES ('ORD139',6);
INSERT INTO fall22_s004_9_order_places_quantity VALUES ('ORD140',9);
INSERT INTO fall22_s004_9_order_places_quantity VALUES ('ORD141',1);
INSERT INTO fall22_s004_9_order_places_quantity VALUES ('ORD142',2);
INSERT INTO fall22_s004_9_order_places_quantity VALUES ('ORD143',4);
INSERT INTO fall22_s004_9_order_places_quantity VALUES ('ORD144',3);
INSERT INTO fall22_s004_9_order_places_quantity VALUES ('ORD145',2);
INSERT INTO fall22_s004_9_order_places_quantity VALUES ('ORD146',3);
INSERT INTO fall22_s004_9_order_places_quantity VALUES ('ORD147',1);
INSERT INTO fall22_s004_9_order_places_quantity VALUES ('ORD148',4);
INSERT INTO fall22_s004_9_order_places_quantity VALUES ('ORD149',3);



